Workbook
Name Slicer_Artist: #N/A

Sheet 2.09.2021
A1: Numele Melodiei | B1: Artist | C1: Numar vizualizari | D1: Venituri | E1: Data Lansarii | F1: Aparitii in top 200 | G1: Durata Melodiei | H1: Genul de Muzica | I1: Naționalitatea artistului | J1: Colaborare
A3: STAY (with Justin Bieber) | B3: The Kid LAROI | C3: 68764542 | D3: =(C3/1000*5) -> 343822.71 | E3: 44386 | F3: 44441 | G3: 0.097916667 | H3: POP | I3: Australia | J3: =IF(ISNUMBER(SEARCH("with",A3)),"Da","Nu") -> Da
A4: INDUSTRY BABY (with Jack Harlow) | B4: Lil Nas X | C4: 43663527 | D4: =(C4/1000*5) -> 218317.64 | E4: 44400 | F4: 44441 | G4: 0.14722222 | H4: HIP-HOP/RAP | I4: SUA | J4: =IF(ISNUMBER(SEARCH("with",A4)),"Da","Nu") -> Da
A5: Bad Habits | B5: Ed Sheeran | C5: 34182580 | D5: =(C5/1000*5) -> 170912.9 | E5: 44358 | F5: 44441 | G5: 0.14722222 | H5: POP | I5: Marea Britanie | J5: =IF(ISNUMBER(SEARCH("with",A5)),"Da","Nu") -> Nu
A6: Beggin' | B6: Måneskin | C6: 32620597 | D6: =(C6/1000*5) -> 163102.99 | E6: 43077 | F6: 44441 | G6: 0.14652778 | H6: ROCK | I6: Italia | J6: =IF(ISNUMBER(SEARCH("with",A6)),"Da","Nu") -> Nu
A7: Hurricane | B7: Kanye West | C7: 30609671 | D7: =(C7/1000*5) -> 153048.35 | E7: 44416 | F7: 44441 | G7: 0.16875 | H7: HIP-HOP/RAP | I7: SUA | J7: =IF(ISNUMBER(SEARCH("with",A7)),"Da","Nu") -> Nu
A8: Pepas | B8: Farruko | C8: 29398007 | D8: =(C8/1000*5) -> 146990.04 | E8: 44538 | F8: 44441 | G8: 0.19930556 | H8: LATIN URBAN | I8: Puerto Rico | J8: =IF(ISNUMBER(SEARCH("with",A8)),"Da","Nu") -> Nu
A9: good 4 u | B9: Olivia Rodrigo | C9: 29366737 | D9: =(C9/1000*5) -> 146833.68 | E9: 44337 | F9: 44441 | G9: 0.12361111 | H9: POP | I9: SUA | J9: =IF(ISNUMBER(SEARCH("with",A9)),"Da","Nu") -> Nu
A10: Need To Know | B10: Doja Cat | C10: 28000403 | D10: =(C10/1000*5) -> 140002.01 | E10: 44371 | F10: 44441 | G10: 0.14583333 | H10: POP | I10: SUA | J10: =IF(ISNUMBER(SEARCH("with",A10)),"Da","Nu") -> Nu
A11: Woman | B11: Doja Cat | C11: 26632882 | D11: =(C11/1000*5) -> 133164.41 | E11: 44374 | F11: 44441 | G11: 0.10069444 | H11: POP | I11: SUA | J11: =IF(ISNUMBER(SEARCH("with",A11)),"Da","Nu") -> Nu
A12: Jail | B12: Kanye West | C12: 24792859 | D12: =(C12/1000*5) -> 123964.29 | E12: 44437 | F12: 44441 | G12: 0.20625 | H12: HIP-HOP/RAP | I12: SUA | J12: =IF(ISNUMBER(SEARCH("with",A12)),"Da","Nu") -> Nu
A13: Happier Than Ever | B13: Billie Eilish | C13: 24448545 | D13: =(C13/1000*5) -> 122242.72 | E13: 44407 | F13: 44441 | G13: 0.20694444 | H13: ALTERNATIVE | I13: SUA | J13: =IF(ISNUMBER(SEARCH("with",A13)),"Da","Nu") -> Nu
A14: Off The Grid | B14: Kanye West | C14: 24302344 | D14: =(C14/1000*5) -> 121511.72 | E14: 44437 | F14: 44441 | G14: 0.23541667 | H14: HIP-HOP/RAP | I14: SUA | J14: =IF(ISNUMBER(SEARCH("with",A14)),"Da","Nu") -> Nu
... A44: AM Remix | B44: Nio Garcia | C44: 13082669 | D44: =(C44/1000*5) -> 65413.345 | E44: 44371 | F44: 44441 | G44: 0.18125 | H44: LATIN URBAN | I44: Puerto Rico | J44: =IF(ISNUMBER(SEARCH("with",A44)),"Da","Nu") -> Nu
A45: 24 | B45: Kanye West | C45: 12955187 | D45: =(C45/1000*5) -> 64775.935 | E45: 44437 | F45: 44441 | G45: 0.13680556 | H45: HIP-HOP/RAP | I45: SUA | J45: =IF(ISNUMBER(SEARCH("with",A45)),"Da","Nu") -> Nu
A46: In Da Getto | B46: J Balvin | C46: 12933235 | D46: =(C46/1000*5) -> 64666.175 | E46: 44379 | F46: 44441 | G46: 0.090277778 | H46: LATIN URBAN | I46: Columbia | J46: =IF(ISNUMBER(SEARCH("with",A46)),"Da","Nu") -> Nu
A47: Remote Control | B47: Kanye West | C47: 12913533 | D47: =(C47/1000*5) -> 64567.665 | E47: 44437 | F47: 44441 | G47: 0.1375 | H47: HIP-HOP/RAP | I47: SUA | J47: =IF(ISNUMBER(SEARCH("with",A47)),"Da","Nu") -> Nu
A48: drivers license | B48: Olivia Rodrigo | C48: 12878186 | D48: =(C48/1000*5) -> 64390.93 | E48: 44204 | F48: 44441 | G48: 0.16805556 | H48: POP | I48: SUA | J48: =IF(ISNUMBER(SEARCH("with",A48)),"Da","Nu") -> Nu
A49: Volando - Remix | B49: Mora | C49: 12598210 | D49: =(C49/1000*5) -> 62991.05 | E49: 44385 | F49: 44441 | G49: 0.18958333 | H49: LATIN | I49: Puerto Rico | J49: =IF(ISNUMBER(SEARCH("with",A49)),"Da","Nu") -> Nu
A50: 2055 | B50: Sleepy Hallow | C50: 12034127 | D50: =(C50/1000*5) -> 60170.635 | E50: 44300 | F50: 44441 | G50: 0.085416667 | H50: HIP-HOP/RAP | I50: Jamaica | J50: =IF(ISNUMBER(SEARCH("with",A50)),"Da","Nu") -> Nu
A51: Cúrame | B51: Rauw Alejandro | C51: 11797153 | D51: =(C51/1000*5) -> 58985.765 | E51: 44372 | F51: 44441 | G51: 0.11388889 | H51: LATIN URBAN | I51: Puerto Rico | J51: =IF(ISNUMBER(SEARCH("with",A51)),"Da","Nu") -> Nu
A52: Pure Souls | B52: Kanye West | C52: 11585806 | D52: =(C52/1000*5) -> 57929.03 | E52: 44437 | F52: 44441 | G52: 0.24861111 | H52: HIP-HOP/RAP | I52: SUA | J52: =IF(ISNUMBER(SEARCH("with",A52)),"Da","Nu") -> Nu
A53: Get Into It (Yuh) | B53: Doja Cat | C53: 11294620 | D53: =(C53/1000*5) -> 56473.1 | E53: 44372 | F53: 44441 | G53: 0.095833333 | H53: POP | I53: SUA | J53: =IF(ISNUMBER(SEARCH("with",A53)),"Da","Nu") -> Nu
A54: Donda | B54: Kanye West | C54: 11098736 | D54: =(C54/1000*5) -> 55493.68 | E54: 44437 | F54: 44441 | G54: 0.088888889 | H54: HIP-HOP/RAP | I54: SUA | J54: =IF(ISNUMBER(SEARCH("with",A54)),"Da","Nu") -> Nu
A55: Leave The Door Open | B55: Bruno Mars | C55: 11085219 | D55: =(C55/1000*5) -> 55426.095 | E55: 44260 | F55: 44441 | G55: 0.16805556 | H55: R&B/SOUL | I55: Puerto Rico | J55: =IF(ISNUMBER(SEARCH("with",A55)),"Da","Nu") -> Nu
A56: Sobrio | B56: Maluma | C56: 11037322 | D56: =(C56/1000*5) -> 55186.61 | E56: 44385 | F56: 44441 | G56: 0.13958333 | H56: LATIN URBAN | I56: Columbia | J56: =IF(ISNUMBER(SEARCH("with",A56)),"Da","Nu") -> Nu
A57: Entre Nosotros | B57: Tiago PZK | C57: 10951000 | D57: =(C57/1000*5) -> 54755 | E57: 44386 | F57: 44441 | G57: 0.13333333 | H57: RHYTHM & BLUES | I57: Argentina | J57: =IF(ISNUMBER(SEARCH("with",A57)),"Da","Nu") -> Nu
A58: Keep My Spirit Alive | B58: Kanye West | C58: 10913129 | D58: =(C58/1000*5) -> 54565.645 | E58: 44437 | F58: 44441 | G58: 0.15347222 | H58: HIP-HOP/RAP | I58: SUA | J58: =IF(ISNUMBER(SEARCH("with",A58)),"Da","Nu") -> Nu
A59: Jesus Lord | B59: Kanye West | C59: 10900265 | D59: =(C59/1000*5) -> 54501.325 | E59: 44437 | F59: 44441 | G59: 0.37361111 | H59: HIP-HOP/RAP | I59: SUA | J59: =IF(ISNUMBER(SEARCH("with",A59)),"Da","Nu") -> Nu
A60: happier | B60: Olivia Rodrigo | C60: 10837112 | D60: =(C60/1000*5) -> 54185.56 | E60: 44337 | F60: 44441 | G60: 0.12152778 | H60: POP | I60: SUA | J60: =IF(ISNUMBER(SEARCH("with",A60)),"Da","Nu") -> Nu
A61: Love Tonight - Edit | B61: Shouse | C61: 10655348 | D61: =(C61/1000*5) -> 53276.74 | E61: 43083 | F61: 44441 | G61: 0.16736111 | H61: ELECTRONIC | I61: Australia | J61: =IF(ISNUMBER(SEARCH("with",A61)),"Da","Nu") -> Nu
A62: Watermelon Sugar | B62: Harry Styles | C62: 10454615 | D62: =(C62/1000*5) -> 52273.075 | E62: 43812 | F62: 44441 | G62: 0.12013889 | H62: POP | I62: Marea Britanie | J62: =IF(ISNUMBER(SEARCH("with",A62)),"Da","Nu") -> Nu
... A183: Iko Iko (My Bestie) | B183: Justin Wellington | C183: 5593786 | D183: =(C183/1000*5) -> 27968.93 | E183: 44411 | F183: 44441 | G183: 0.23541667 | H183: POP | I183: Papua | J183: =IF(ISNUMBER(SEARCH("with",A183)),"Da","Nu") -> Nu
A184: 512 | B184: Mora | C184: 5574638 | D184: =(C184/1000*5) -> 27873.19 | E184: 44437 | F184: 44441 | G184: 0.095138889 | H184: ROCK | I184: Puerto Rico | J184: =IF(ISNUMBER(SEARCH("with",A184)),"Da","Nu") -> Nu
A185: Remember (and David Guetta) | B185: Becky Hill | C185: 5557982 | D185: =(C185/1000*5) -> 27789.91 | E185: 44351 | F185: 44441 | G185: 0.14444444 | H185: HIP-HOP/RAP | I185: Marea Britanie | J185: =IF(ISNUMBER(SEARCH("with",A185)),"Da","Nu") -> Nu
A186: REPEAT IT (with Gunna) | B186: Lil Tecca | C186: 5547450 | D186: =(C186/1000*5) -> 27737.25 | E186: 44274 | F186: 44441 | G186: 0.13819444 | H186: ROCK | I186: SUA | J186: =IF(ISNUMBER(SEARCH("with",A186)),"Da","Nu") -> Da
A187: Say You Won't Let Go | B187: James Arthur | C187: 5547420 | D187: =(C187/1000*5) -> 27737.1 | E187: 44460 | F187: 44441 | G187: 0.15694444 | H187: HIP-HOP/RAP | I187: Marea Britanie | J187: =IF(ISNUMBER(SEARCH("with",A187)),"Da","Nu") -> Nu
A188: Every Breath You Take | B188: The Police | C188: 5520749 | D188: =(C188/1000*5) -> 27603.745 | E188: 44377 | F188: 44441 | G188: 0.16527778 | H188: HIP-HOP/RAP | I188: Marea Britanie | J188: =IF(ISNUMBER(SEARCH("with",A188)),"Da","Nu") -> Nu
A189: HawÃ¡i | B189: Maluma | C189: 5502543 | D189: =(C189/1000*5) -> 27512.715 | E189: 44248 | F189: 44441 | G189: 0.15972222 | H189: HIP-HOP/RAP | I189: Columbia | J189: =IF(ISNUMBER(SEARCH("with",A189)),"Da","Nu") -> Nu
A190: Dreams - 2004 Remaster | B190: Fleetwood Mac | C190: 5477944 | D190: =(C190/1000*5) -> 27389.72 | E190: 44259 | F190: 44441 | G190: 0.10833333 | H190: HIP-HOP/RAP | I190: Marea Britanie | J190: =IF(ISNUMBER(SEARCH("with",A190)),"Da","Nu") -> Nu
A191: Dandelions | B191: Ruth B. | C191: 5468079 | D191: =(C191/1000*5) -> 27340.395 | E191: 44316 | F191: 44441 | G191: 0.14305556 | H191: LATIN | I191: Canada | J191: =IF(ISNUMBER(SEARCH("with",A191)),"Da","Nu") -> Nu
A192: Streets | B192: Doja Cat | C192: 5460982 | D192: =(C192/1000*5) -> 27304.91 | E192: 44282 | F192: 44441 | G192: 0.12013889 | H192: POP | I192: SUA | J192: =IF(ISNUMBER(SEARCH("with",A192)),"Da","Nu") -> Nu
A193: Gangsta's Paradise | B193: Coolio | C193: 5459053 | D193: =(C193/1000*5) -> 27295.265 | E193: 44254 | F193: 44441 | G193: 0.15277778 | H193: K-POP | I193: SUA | J193: =IF(ISNUMBER(SEARCH("with",A193)),"Da","Nu") -> Nu
A194: Fulanito | B194: Becky G | C194: 5452012 | D194: =(C194/1000*5) -> 27260.06 | E194: 44308 | F194: 44441 | G194: 0.15069444 | H194: HIP-HOP/RAP | I194: SUA | J194: =IF(ISNUMBER(SEARCH("with",A194)),"Da","Nu") -> Nu
A195: Just for me | B195: PinkPantheress | C195: 5430793 | D195: =(C195/1000*5) -> 27153.965 | E195: 44406 | F195: 44441 | G195: 0.14097222 | H195: POP | I195: Marea Britanie | J195: =IF(ISNUMBER(SEARCH("with",A195)),"Da","Nu") -> Nu
A196: Never Going Home | B196: Kungs | C196: 5415878 | D196: =(C196/1000*5) -> 27079.39 | E196: 44209 | F196: 44441 | G196: 0.15902778 | H196: LATIN | I196: Franța | J196: =IF(ISNUMBER(SEARCH("with",A196)),"Da","Nu") -> Nu
... A202: bad guy | B202: Billie Eilish | C202: 5363281 | D202: =(C202/1000*5) -> 26816.405 | E202: 44245 | F202: 44441 | G202: 0.11388889 | H202: LATIN URBAN | I202: SUA | J202: =IF(ISNUMBER(SEARCH("with",A202)),"Da","Nu") -> Nu
C205: Numarul mediu de vizualizari | D205: Venituri medii
C206: =AVERAGE(C3:C202) -> 10402631 | D206: =SUM(D3:D202)/200 -> 52013.156
C208: Numarul total de vizualizari | D208: Venituri Totale
C209: =SUM(C3:C202) -> 2080526246 | D209: 9507704.2

Sheet 9.09.2021
A1: Numele Melodiei | B1: Artist | C1: Numar vizualizari | D1: Venituri (nr vizulizari/1000*5) | E1: Data Lansarii | F1: Aparitii in top 200 | G1: Durata Melodiei | H1: Genul de Muzica | I1: Nationalitatea Artistului | J1: Colaborare
A3: STAY (with Justin Bieber) | B3: The Kid LAROI | C3: 61385396 | D3: =(C3/1000*5) -> 306926.98 | E3: =VLOOKUP(A3,'2.09.2021'!A$3:'2.09.2021'!I$202,5,) -> 44386 | F3: 44448 | G3: =VLOOKUP(A3,'2.09.2021'!A$3:'2.09.2021'!I$202,7,) -> 0.097916667 | H3: =VLOOKUP(A3,'2.09.2021'!A$3:'2.09.2021'!I$202,8,) -> POP | I3: =VLOOKUP(A3,'2.09.2021'!A$3:'2.09.2021'!I$202,9,) -> Australia | J3: =IF(ISNUMBER(SEARCH("with",A3)),"Da","Nu") -> Da
A4: INDUSTRY BABY (with Jack Harlow) | B4: Lil Nas X | C4: 53085371 | D4: =(C4/1000*5) -> 265426.85 | E4: =VLOOKUP(A4,'2.09.2021'!A$3:'2.09.2021'!I$202,5,) -> 44400 | F4: 44448 | G4: =VLOOKUP(A4,'2.09.2021'!A$3:'2.09.2021'!I$202,7,) -> 0.14722222 | H4: =VLOOKUP(A4,'2.09.2021'!A$3:'2.09.2021'!I$202,8,) -> HIP-HOP/RAP | I4: =VLOOKUP(A4,'2.09.2021'!A$3:'2.09.2021'!I$202,9,) -> SUA | J4: =IF(ISNUMBER(SEARCH("with",A4)),"Da","Nu") -> Da
A5: THATS WHAT I WANT | B5: Lil Nas X | C5: 32546474 | D5: =(C5/1000*5) -> 162732.37 | E5: =VLOOKUP(A5,'30.09.2021'!A$3:'30.09.2021'!I$202,5,) -> 44316 | F5: 44448 | G5: =VLOOKUP(A5,'30.09.2021'!A$3:'30.09.2021'!I$202,7,) -> 0.18125 | H5: =VLOOKUP(A5,'30.09.2021'!A$3:'30.09.2021'!I$202,8,) -> POP | I5: =VLOOKUP(A5,'30.09.2021'!A$3:'30.09.2021'!I$202,9,) -> SUA | J5: =IF(ISNUMBER(SEARCH("with",A5)),"Da","Nu") -> Nu
A6: Heat Waves | B6: Glass Animals | C6: 31103477 | D6: =(C6/1000*5) -> 155517.39 | E6: =VLOOKUP(A6,'2.09.2021'!A$3:'2.09.2021'!I$202,5,) -> 44050 | F6: 44448 | G6: =VLOOKUP(A6,'2.09.2021'!A$3:'2.09.2021'!I$202,7,) -> 0.16527778 | H6: =VLOOKUP(A6,'2.09.2021'!A$3:'2.09.2021'!I$202,8,) -> POP | I6: =VLOOKUP(A6,'2.09.2021'!A$3:'2.09.2021'!I$202,9,) -> Marea Britanie | J6: =IF(ISNUMBER(SEARCH("with",A6)),"Da","Nu") -> Nu
A7: Bad Habits | B7: Ed Sheeran | C7: 30276896 | D7: =(C7/1000*5) -> 151384.48 | E7: =VLOOKUP(A7,'2.09.2021'!A$3:'2.09.2021'!I$202,5,) -> 44358 | F7: 44448 | G7: =VLOOKUP(A7,'2.09.2021'!A$3:'2.09.2021'!I$202,7,) -> 0.14722222 | H7: =VLOOKUP(A7,'2.09.2021'!A$3:'2.09.2021'!I$202,8,) -> POP | I7: =VLOOKUP(A7,'2.09.2021'!A$3:'2.09.2021'!I$202,9,) -> Marea Britanie | J7: =IF(ISNUMBER(SEARCH("with",A7)),"Da","Nu") -> Nu
A8: Pepas | B8: Farruko | C8: 30119703 | D8: =(C8/1000*5) -> 150598.52 | E8: =VLOOKUP(A8,'2.09.2021'!A$3:'2.09.2021'!I$202,5,) -> 44538 | F8: 44448 | G8: =VLOOKUP(A8,'2.09.2021'!A$3:'2.09.2021'!I$202,7,) -> 0.19930556 | H8: =VLOOKUP(A8,'2.09.2021'!A$3:'2.09.2021'!I$202,8,) -> LATIN URBAN | I8: =VLOOKUP(A8,'2.09.2021'!A$3:'2.09.2021'!I$202,9,) -> Puerto Rico | J8: =IF(ISNUMBER(SEARCH("with",A8)),"Da","Nu") -> Nu
A9: Woman | B9: Doja Cat | C9: 29648304 | D9: =(C9/1000*5) -> 148241.52 | E9: =VLOOKUP(A9,'2.09.2021'!A$3:'2.09.2021'!I$202,5,) -> 44374 | F9: 44448 | G9: =VLOOKUP(A9,'2.09.2021'!A$3:'2.09.2021'!I$202,7,) -> 0.10069444 | H9: =VLOOKUP(A9,'2.09.2021'!A$3:'2.09.2021'!I$202,8,) -> POP | I9: =VLOOKUP(A9,'2.09.2021'!A$3:'2.09.2021'!I$202,9,) -> SUA | J9: =IF(ISNUMBER(SEARCH("with",A9)),"Da","Nu") -> Nu
A10: MONTERO (Call Me By Your Name) | B10: Lil Nas X | C10: 28933084 | D10: =(C10/1000*5) -> 144665.42 | E10: =VLOOKUP(A10,'2.09.2021'!A$3:'2.09.2021'!I$202,5,) -> 44456 | F10: 44448 | G10: =VLOOKUP(A10,'2.09.2021'!A$3:'2.09.2021'!I$202,7,) -> 0.095138889 | H10: =VLOOKUP(A10,'2.09.2021'!A$3:'2.09.2021'!I$202,8,) -> POP | I10: =VLOOKUP(A10,'2.09.2021'!A$3:'2.09.2021'!I$202,9,) -> SUA | J10: =IF(ISNUMBER(SEARCH("with",A10)),"Da","Nu") -> Nu
A11: Shivers | B11: Ed Sheeran | C11: 27138539 | D11: =(C11/1000*5) -> 135692.7 | E11: =VLOOKUP(A11,'16.09.2021'!A$3:'16.09.2021'!I$202,5,) -> 44315 | F11: 44448 | G11: =VLOOKUP(A11,'16.09.2021'!A$3:'16.09.2021'!I$202,7,) -> 0.10555556 | H11: =VLOOKUP(A11,'16.09.2021'!A$3:'16.09.2021'!I$202,8,) -> POP | I11: =VLOOKUP(A11,'16.09.2021'!A$3:'16.09.2021'!I$202,9,) -> Marea Britanie | J11: =IF(ISNUMBER(SEARCH("with",A11)),"Da","Nu") -> Nu
A12: Beggin' | B12: Måneskin | C12: 26309445 | D12: =(C12/1000*5) -> 131547.23 | E12: =VLOOKUP(A12,'2.09.2021'!A$3:'2.09.2021'!I$202,5,) -> 43077 | F12: 44448 | G12: =VLOOKUP(A12,'2.09.2021'!A$3:'2.09.2021'!I$202,7,) -> 0.14652778 | H12: =VLOOKUP(A12,'2.09.2021'!A$3:'2.09.2021'!I$202,8,) -> ROCK | I12: =VLOOKUP(A12,'2.09.2021'!A$3:'2.09.2021'!I$202,9,) -> Italia | J12: =IF(ISNUMBER(SEARCH("with",A12)),"Da","Nu") -> Nu
A13: good 4 u | B13: Olivia Rodrigo | C13: 24943366 | D13: =(C13/1000*5) -> 124716.83 | E13: =VLOOKUP(A13,'2.09.2021'!A$3:'2.09.2021'!I$202,5,) -> 44337 | F13: 44448 | G13: =VLOOKUP(A13,'2.09.2021'!A$3:'2.09.2021'!I$202,7,) -> 0.12361111 | H13: =VLOOKUP(A13,'2.09.2021'!A$3:'2.09.2021'!I$202,8,) -> POP | I13: =VLOOKUP(A13,'2.09.2021'!A$3:'2.09.2021'!I$202,9,) -> SUA | J13: =IF(ISNUMBER(SEARCH("with",A13)),"Da","Nu") -> Nu
A14: Way 2 Sexy (with Future & Young Thug) | B14: Drake | C14: 23088866 | D14: =(C14/1000*5) -> 115444.33 | E14: =VLOOKUP(A14,'16.09.2021'!A$3:'16.09.2021'!I$202,5,) -> 44460 | F14: 44448 | G14: =VLOOKUP(A14,'16.09.2021'!A$3:'16.09.2021'!I$202,7,) -> 0.055555556 | H14: =VLOOKUP(A14,'16.09.2021'!A$3:'16.09.2021'!I$202,8,) -> HIP-HOP/RAP | I14: =VLOOKUP(A14,'16.09.2021'!A$3:'16.09.2021'!I$202,9,) -> Canada | J14: =IF(ISNUMBER(SEARCH("with",A14)),"Da","Nu") -> Da
A15: Need To Know | B15: Doja Cat | C15: 22506534 | D15: =(C15/1000*5) -> 112532.67 | E15: =VLOOKUP(A15,'2.09.2021'!A$3:'2.09.2021'!I$202,5,) -> 44371 | F15: 44448 | G15: =VLOOKUP(A15,'2.09.2021'!A$3:'2.09.2021'!I$202,7,) -> 0.14583333 | H15: =VLOOKUP(A15,'2.09.2021'!A$3:'2.09.2021'!I$202,8,) -> POP | I15: =VLOOKUP(A15,'2.09.2021'!A$3:'2.09.2021'!I$202,9,) -> SUA | J15: =IF(ISNUMBER(SEARCH("with",A15)),"Da","Nu") -> Nu
A16: Fair Trade (with Travis Scott) | B16: Drake | C16: 20658947 | D16: =(C16/1000*5) -> 103294.74 | E16: =VLOOKUP(A16,'16.09.2021'!A$3:'16.09.2021'!I$202,5,) -> 44460 | F16: 44448 | G16: =VLOOKUP(A16,'16.09.2021'!A$3:'16.09.2021'!I$202,7,) -> 0.14097222 | H16: =VLOOKUP(A16,'16.09.2021'!A$3:'16.09.2021'!I$202,8,) -> hIP-HOP/RAP | I16: =VLOOKUP(A16,'16.09.2021'!A$3:'16.09.2021'!I$202,9,) -> Canada | J16: =IF(ISNUMBER(SEARCH("with",A16)),"Da","Nu") -> Da
A17: Kiss Me More (with SZA) | B17: Doja Cat | C17: 19826752 | D17: =(C17/1000*5) -> 99133.76 | E17: =VLOOKUP(A17,'2.09.2021'!A$3:'2.09.2021'!I$202,5,) -> 44295 | F17: 44448 | G17: =VLOOKUP(A17,'2.09.2021'!A$3:'2.09.2021'!I$202,7,) -> 0.14444444 | H17: =VLOOKUP(A17,'2.09.2021'!A$3:'2.09.2021'!I$202,8,) -> POP | I17: =VLOOKUP(A17,'2.09.2021'!A$3:'2.09.2021'!I$202,9,) -> SUA | J17: =IF(ISNUMBER(SEARCH("with",A17)),"Da","Nu") -> Da
A18: Happier Than Ever | B18: Billie Eilish | C18: 19263184 | D18: =(C18/1000*5) -> 96315.92 | E18: =VLOOKUP(A18,'2.09.2021'!A$3:'2.09.2021'!I$202,5,) -> 44407 | F18: 44448 | G18: =VLOOKUP(A18,'2.09.2021'!A$3:'2.09.2021'!I$202,7,) -> 0.20694444 | H18: =VLOOKUP(A18,'2.09.2021'!A$3:'2.09.2021'!I$202,8,) -> ALTERNATIVE | I18: =VLOOKUP(A18,'2.09.2021'!A$3:'2.09.2021'!I$202,9,) -> SUA | J18: =IF(ISNUMBER(SEARCH("with",A18)),"Da","Nu") -> Nu
A19: Life Goes On | B19: Oliver Tree | C19: 18234742 | D19: =(C19/1000*5) -> 91173.71 | E19: =VLOOKUP(A19,'16.09.2021'!A$3:'16.09.2021'!I$202,5,) -> 44460 | F19: 44448 | G19: =VLOOKUP(A19,'16.09.2021'!A$3:'16.09.2021'!I$202,7,) -> 0.13958333 | H19: =VLOOKUP(A19,'16.09.2021'!A$3:'16.09.2021'!I$202,8,) -> POP | I19: =VLOOKUP(A19,'16.09.2021'!A$3:'16.09.2021'!I$202,9,) -> SUA | J19: =IF(ISNUMBER(SEARCH("with",A19)),"Da","Nu") -> Nu
A20: Cold Heart - PNAU Remix | B20: Elton John | C20: 17171664 | D20: =(C20/1000*5) -> 85858.32 | E20: =VLOOKUP(A20,'2.09.2021'!A$3:'2.09.2021'!I$202,5,) -> 44421 | F20: 44448 | G20: =VLOOKUP(A20,'2.09.2021'!A$3:'2.09.2021'!I$202,7,) -> 0.14027778 | H20: =VLOOKUP(A20,'2.09.2021'!A$3:'2.09.2021'!I$202,8,) -> POP | I20: =VLOOKUP(A20,'2.09.2021'!A$3:'2.09.2021'!I$202,9,) -> Marea Britanie | J20: =IF(ISNUMBER(SEARCH("with",A20)),"Da","Nu") -> Nu
A21: Yonaguni | B21: Bad Bunny | C21: 16613967 | D21: =(C21/1000*5) -> 83069.835 | E21: =VLOOKUP(A21,'2.09.2021'!A$3:'2.09.2021'!I$202,5,) -> 44351 | F21: 44448 | G21: =VLOOKUP(A21,'2.09.2021'!A$3:'2.09.2021'!I$202,7,) -> 0.14305556 | H21: =VLOOKUP(A21,'2.09.2021'!A$3:'2.09.2021'!I$202,8,) -> LATIN URBAN | I21: =VLOOKUP(A21,'2.09.2021'!A$3:'2.09.2021'!I$202,9,) -> Puerto Rico | J21: =IF(ISNUMBER(SEARCH("with",A21)),"Da","Nu") -> Nu
A22: Todo De Ti | B22: Rauw Alejandro | C22: 16491457 | D22: =(C22/1000*5) -> 82457.285 | E22: =VLOOKUP(A22,'2.09.2021'!A$3:'2.09.2021'!I$202,5,) -> 44338 | F22: 44448 | G22: =VLOOKUP(A22,'2.09.2021'!A$3:'2.09.2021'!I$202,7,) -> 0.13819444 | H22: =VLOOKUP(A22,'2.09.2021'!A$3:'2.09.2021'!I$202,8,) -> LATIN URBAN | I22: =VLOOKUP(A22,'2.09.2021'!A$3:'2.09.2021'!I$202,9,) -> Puerto Rico | J22: =IF(ISNUMBER(SEARCH("with",A22)),"Da","Nu") -> Nu
A23: Girls Want Girls (with Lil Baby) | B23: Drake | C23: 15925804 | D23: =(C23/1000*5) -> 79629.02 | E23: =VLOOKUP(A23,'16.09.2021'!A$3:'16.09.2021'!I$202,5,) -> 44460 | F23: 44448 | G23: =VLOOKUP(A23,'16.09.2021'!A$3:'16.09.2021'!I$202,7,) -> 0.085416667 | H23: =VLOOKUP(A23,'16.09.2021'!A$3:'16.09.2021'!I$202,8,) -> hIP-HOP/RAP | I23: =VLOOKUP(A23,'16.09.2021'!A$3:'16.09.2021'!I$202,9,) -> Canada | J23: =IF(ISNUMBER(SEARCH("with",A23)),"Da","Nu") -> Da
A24: Knife Talk (with 21 Savage ft. Project Pat) | B24: Drake | C24: 15905936 | D24: =(C24/1000*5) -> 79529.68 | E24: =VLOOKUP(A24,'16.09.2021'!A$3:'16.09.2021'!I$202,5,) -> 44460 | F24: 44448 | G24: =VLOOKUP(A24,'16.09.2021'!A$3:'16.09.2021'!I$202,7,) -> 0.16736111 | H24: =VLOOKUP(A24,'16.09.2021'!A$3:'16.09.2021'!I$202,8,) -> HIP-HOP/RAP | I24: =VLOOKUP(A24,'16.09.2021'!A$3:'16.09.2021'!I$202,9,) -> Canada | J24: =IF(ISNUMBER(SEARCH("with",A24)),"Da","Nu") -> Da
A25: Volví | B25: Aventura | C25: 15694072 | D25: =(C25/1000*5) -> 78470.36 | E25: =VLOOKUP(A25,'16.09.2021'!A$3:'16.09.2021'!I$202,5,) -> 44411 | F25: 44448 | G25: =VLOOKUP(A25,'16.09.2021'!A$3:'16.09.2021'!I$202,7,) -> 0.15972222 | H25: =VLOOKUP(A25,'16.09.2021'!A$3:'16.09.2021'!I$202,8,) -> LATIN URBAN | I25: =VLOOKUP(A25,'16.09.2021'!A$3:'16.09.2021'!I$202,9,) -> Republica Dominicană | J25: =IF(ISNUMBER(SEARCH("with",A25)),"Da","Nu") -> Nu
A26: LALISA | B26: LISA | C26: 15577524 | D26: =(C26/1000*5) -> 77887.62 | E26: =VLOOKUP(A26,'16.09.2021'!A$3:'16.09.2021'!I$202,5,) -> 44257 | F26: 44448 | G26: =VLOOKUP(A26,'16.09.2021'!A$3:'16.09.2021'!I$202,7,) -> 0.13888889 | H26: =VLOOKUP(A26,'16.09.2021'!A$3:'16.09.2021'!I$202,8,) -> HIP-HOP/RAP | I26: =VLOOKUP(A26,'16.09.2021'!A$3:'16.09.2021'!I$202,9,) -> Tailanda | J26: =IF(ISNUMBER(SEARCH("with",A26)),"Da","Nu") -> Nu
A27: Hurricane | B27: Kanye West | C27: 15167133 | D27: =(C27/1000*5) -> 75835.665 | E27: =VLOOKUP(A27,'2.09.2021'!A$3:'2.09.2021'!I$202,5,) -> 44416 | F27: 44448 | G27: =VLOOKUP(A27,'2.09.2021'!A$3:'2.09.2021'!I$202,7,) -> 0.16875 | H27: =VLOOKUP(A27,'2.09.2021'!A$3:'2.09.2021'!I$202,8,) -> HIP-HOP/RAP | I27: =VLOOKUP(A27,'2.09.2021'!A$3:'2.09.2021'!I$202,9,) -> SUA | J27: =IF(ISNUMBER(SEARCH("with",A27)),"Da","Nu") -> Nu
A28: traitor | B28: Olivia Rodrigo | C28: 15165886 | D28: =(C28/1000*5) -> 75829.43 | E28: =VLOOKUP(A28,'2.09.2021'!A$3:'2.09.2021'!I$202,5,) -> 44337 | F28: 44448 | G28: =VLOOKUP(A28,'2.09.2021'!A$3:'2.09.2021'!I$202,7,) -> 0.15902778 | H28: =VLOOKUP(A28,'2.09.2021'!A$3:'2.09.2021'!I$202,8,) -> POP | I28: =VLOOKUP(A28,'2.09.2021'!A$3:'2.09.2021'!I$202,9,) -> SUA | J28: =IF(ISNUMBER(SEARCH("with",A28)),"Da","Nu") -> Nu
A29: Levitating (with DaBaby) | B29: Dua Lipa | C29: 15154174 | D29: =(C29/1000*5) -> 75770.87 | E29: =VLOOKUP(A29,'2.09.2021'!A$3:'2.09.2021'!I$202,5,) -> 43917 | F29: 44448 | G29: =VLOOKUP(A29,'2.09.2021'!A$3:'2.09.2021'!I$202,7,) -> 0.14097222 | H29: =VLOOKUP(A29,'2.09.2021'!A$3:'2.09.2021'!I$202,8,) -> POP | I29: =VLOOKUP(A29,'2.09.2021'!A$3:'2.09.2021'!I$202,9,) -> Marea Britanie | J29: =IF(ISNUMBER(SEARCH("with",A29)),"Da","Nu") -> Da
A30: In Da Getto | B30: J Balvin | C30: 14735208 | D30: =(C30/1000*5) -> 73676.04 | E30: =VLOOKUP(A30,'2.09.2021'!A$3:'2.09.2021'!I$202,5,) -> 44379 | F30: 44448 | G30: =VLOOKUP(A30,'2.09.2021'!A$3:'2.09.2021'!I$202,7,) -> 0.090277778 | H30: =VLOOKUP(A30,'2.09.2021'!A$3:'2.09.2021'!I$202,8,) -> LATIN URBAN | I30: =VLOOKUP(A30,'2.09.2021'!A$3:'2.09.2021'!I$202,9,) -> Columbia | J30: =IF(ISNUMBER(SEARCH("with",A30)),"Da","Nu") -> Nu
A31: Wildest Dreams (Taylor's Version) | B31: Taylor Swift | C31: 14592123 | D31: =(C31/1000*5) -> 72960.615 | E31: =VLOOKUP(A31,'30.09.2021'!A$3:'30.09.2021'!I$202,5,) -> 44370 | F31: 44448 | G31: =VLOOKUP(A31,'30.09.2021'!A$3:'30.09.2021'!I$202,7,) -> 0.11527778 | H31: =VLOOKUP(A31,'30.09.2021'!A$3:'30.09.2021'!I$202,8,) -> POP | I31: =VLOOKUP(A31,'30.09.2021'!A$3:'30.09.2021'!I$202,9,) -> SUA | J31: =IF(ISNUMBER(SEARCH("with",A31)),"Da","Nu") -> Nu
A32: Peaches (with Daniel Caesar & Giveon) | B32: Justin Bieber | C32: 14173474 | D32: =(C32/1000*5) -> 70867.37 | E32: =VLOOKUP(A32,'2.09.2021'!A$3:'2.09.2021'!I$202,5,) -> 44274 | F32: 44448 | G32: =VLOOKUP(A32,'2.09.2021'!A$3:'2.09.2021'!I$202,7,) -> 0.1375 | H32: =VLOOKUP(A32,'2.09.2021'!A$3:'2.09.2021'!I$202,8,) -> POP | I32: =VLOOKUP(A32,'2.09.2021'!A$3:'2.09.2021'!I$202,9,) -> Canada | J32: =IF(ISNUMBER(SEARCH("with",A32)),"Da","Nu") -> Da
A33: Take My Breath | B33: The Weeknd | C33: 13898588 | D33: =(C33/1000*5) -> 69492.94 | E33: =VLOOKUP(A33,'2.09.2021'!A$3:'2.09.2021'!I$202,5,) -> 44414 | F33: 44448 | G33: =VLOOKUP(A33,'2.09.2021'!A$3:'2.09.2021'!I$202,7,) -> 0.15277778 | H33: =VLOOKUP(A33,'2.09.2021'!A$3:'2.09.2021'!I$202,8,) -> R&B/SOUL | I33: =VLOOKUP(A33,'2.09.2021'!A$3:'2.09.2021'!I$202,9,) -> Canada | J33: =IF(ISNUMBER(SEARCH("with",A33)),"Da","Nu") -> Nu
A34: love nwantiti (ah ah ah) | B34: CKay | C34: 13833060 | D34: =(C34/1000*5) -> 69165.3 | E34: =VLOOKUP(A34,'30.09.2021'!A$3:'30.09.2021'!I$202,5,) -> 44337 | F34: 44448 | G34: =VLOOKUP(A34,'30.09.2021'!A$3:'30.09.2021'!I$202,7,) -> 0.10138889 | H34: =VLOOKUP(A34,'30.09.2021'!A$3:'30.09.2021'!I$202,8,) -> AFROBEATS | I34: =VLOOKUP(A34,'30.09.2021'!A$3:'30.09.2021'!I$202,9,) -> Africa | J34: =IF(ISNUMBER(SEARCH("with",A34)),"Da","Nu") -> Nu
A35: Qué Más Pues? | B35: J Balvin | C35: 13614671 | D35: =(C35/1000*5) -> 68073.355 | E35: =VLOOKUP(A35,'2.09.2021'!A$3:'2.09.2021'!I$202,5,) -> 44344 | F35: 44448 | G35: =VLOOKUP(A35,'2.09.2021'!A$3:'2.09.2021'!I$202,7,) -> 0.15069444 | H35: =VLOOKUP(A35,'2.09.2021'!A$3:'2.09.2021'!I$202,8,) -> LATIN URBAN | I35: =VLOOKUP(A35,'2.09.2021'!A$3:'2.09.2021'!I$202,9,) -> Columbia | J35: =IF(ISNUMBER(SEARCH("with",A35)),"Da","Nu") -> Nu
A36: Meet Me At Our Spot | B36: THE ANXIETY | C36: 13473188 | D36: =(C36/1000*5) -> 67365.94 | E36: =VLOOKUP(A36,'30.09.2021'!A$3:'30.09.2021'!I$202,5,) -> 44347 | F36: 44448 | G36: =VLOOKUP(A36,'30.09.2021'!A$3:'30.09.2021'!I$202,7,) -> 0.15625 | H36: =VLOOKUP(A36,'30.09.2021'!A$3:'30.09.2021'!I$202,8,) -> POP | I36: =VLOOKUP(A36,'30.09.2021'!A$3:'30.09.2021'!I$202,9,) -> SUA | J36: =IF(ISNUMBER(SEARCH("with",A36)),"Da","Nu") -> Nu
A37: I WANNA BE YOUR SLAVE | B37: Måneskin | C37: 13194771 | D37: =(C37/1000*5) -> 65973.855 | E37: =VLOOKUP(A37,'2.09.2021'!A$3:'2.09.2021'!I$202,5,) -> 44274 | F37: 44448 | G37: =VLOOKUP(A37,'2.09.2021'!A$3:'2.09.2021'!I$202,7,) -> 0.12013889 | H37: =VLOOKUP(A37,'2.09.2021'!A$3:'2.09.2021'!I$202,8,) -> ROCK | I37: =VLOOKUP(A37,'2.09.2021'!A$3:'2.09.2021'!I$202,9,) -> Italia | J37: =IF(ISNUMBER(SEARCH("with",A37)),"Da","Nu") -> Nu
A38: Blinding Lights | B38: The Weeknd | C38: 13014956 | D38: =(C38/1000*5) -> 65074.78 | E38: =VLOOKUP(A38,'2.09.2021'!A$3:'2.09.2021'!I$202,5,) -> 43798 | F38: 44448 | G38: =VLOOKUP(A38,'2.09.2021'!A$3:'2.09.2021'!I$202,7,) -> 0.13958333 | H38: =VLOOKUP(A38,'2.09.2021'!A$3:'2.09.2021'!I$202,8,) -> R&B/SOUL | I38: =VLOOKUP(A38,'2.09.2021'!A$3:'2.09.2021'!I$202,9,) -> Canada | J38: =IF(ISNUMBER(SEARCH("with",A38)),"Da","Nu") -> Nu
A39: Save Your Tears (with Ariana Grande) (Remix) | B39: The Weeknd | C39: 12579776 | D39: =(C39/1000*5) -> 62898.88 | E39: =VLOOKUP(A39,'2.09.2021'!A$3:'2.09.2021'!I$202,5,) -> 43910 | F39: 44448 | G39: =VLOOKUP(A39,'2.09.2021'!A$3:'2.09.2021'!I$202,7,) -> 0.14930556 | H39: =VLOOKUP(A39,'2.09.2021'!A$3:'2.09.2021'!I$202,8,) -> R&B/SOUL | I39: =VLOOKUP(A39,'2.09.2021'!A$3:'2.09.2021'!I$202,9,) -> Canada | J39: =IF(ISNUMBER(SEARCH("with",A39)),"Da","Nu") -> Da
A40: SCOOP (with Doja Cat) | B40: Lil Nas X | C40: 12520878 | D40: =(C40/1000*5) -> 62604.39 | E40: =VLOOKUP(A40,'30.09.2021'!A$3:'30.09.2021'!I$202,5,) -> 44476 | F40: 44448 | G40: =VLOOKUP(A40,'30.09.2021'!A$3:'30.09.2021'!I$202,7,) -> 0.22430556 | H40: =VLOOKUP(A40,'30.09.2021'!A$3:'30.09.2021'!I$202,8,) -> HIP-HOP/RAP | I40: =VLOOKUP(A40,'30.09.2021'!A$3:'30.09.2021'!I$202,9,) -> SUA | J40: =IF(ISNUMBER(SEARCH("with",A40)),"Da","Nu") -> Da
A41: 2055 | B41: Sleepy Hallow | C41: 12485782 | D41: =(C41/1000*5) -> 62428.91 | E41: =VLOOKUP(A41,'2.09.2021'!A$3:'2.09.2021'!I$202,5,) -> 44300 | F41: 44448 | G41: =VLOOKUP(A41,'2.09.2021'!A$3:'2.09.2021'!I$202,7,) -> 0.085416667 | H41: =VLOOKUP(A41,'2.09.2021'!A$3:'2.09.2021'!I$202,8,) -> HIP-HOP/RAP | I41: =VLOOKUP(A41,'2.09.2021'!A$3:'2.09.2021'!I$202,9,) -> Jamaica | J41: =IF(ISNUMBER(SEARCH("with",A41)),"Da","Nu") -> Nu
A42: drivers license | B42: Olivia Rodrigo | C42: 11952143 | D42: =(C42/1000*5) -> 59760.715 | E42: =VLOOKUP(A42,'2.09.2021'!A$3:'2.09.2021'!I$202,5,) -> 44204 | F42: 44448 | G42: =VLOOKUP(A42,'2.09.2021'!A$3:'2.09.2021'!I$202,7,) -> 0.16805556 | H42: =VLOOKUP(A42,'2.09.2021'!A$3:'2.09.2021'!I$202,8,) -> POP | I42: =VLOOKUP(A42,'2.09.2021'!A$3:'2.09.2021'!I$202,9,) -> SUA | J42: =IF(ISNUMBER(SEARCH("with",A42)),"Da","Nu") -> Nu
A43: Get Into It (Yuh) | B43: Doja Cat | C43: 11866242 | D43: =(C43/1000*5) -> 59331.21 | E43: =VLOOKUP(A43,'2.09.2021'!A$3:'2.09.2021'!I$202,5,) -> 44372 | F43: 44448 | G43: =VLOOKUP(A43,'2.09.2021'!A$3:'2.09.2021'!I$202,7,) -> 0.095833333 | H43: =VLOOKUP(A43,'2.09.2021'!A$3:'2.09.2021'!I$202,8,) -> POP | I43: =VLOOKUP(A43,'2.09.2021'!A$3:'2.09.2021'!I$202,9,) -> SUA | J43: =IF(ISNUMBER(SEARCH("with",A43)),"Da","Nu") -> Nu
A44: Don't Be Shy | B44: TiÃ«sto | C44: 11353821 | D44: =(C44/1000*5) -> 56769.105 | E44: =VLOOKUP(A44,'2.09.2021'!A$3:'2.09.2021'!I$202,5,) -> 44320 | F44: 44448 | G44: =VLOOKUP(A44,'2.09.2021'!A$3:'2.09.2021'!I$202,7,) -> 0.14097222 | H44: =VLOOKUP(A44,'2.09.2021'!A$3:'2.09.2021'!I$202,8,) -> R&B/SOUL | I44: =VLOOKUP(A44,'2.09.2021'!A$3:'2.09.2021'!I$202,9,) -> Olanda | J44: =IF(ISNUMBER(SEARCH("with",A44)),"Da","Nu") -> Nu
A45: Cúrame | B45: Rauw Alejandro | C45: 11285718 | D45: =(C45/1000*5) -> 56428.59 | E45: =VLOOKUP(A45,'2.09.2021'!A$3:'2.09.2021'!I$202,5,) -> 44372 | F45: 44448 | G45: =VLOOKUP(A45,'2.09.2021'!A$3:'2.09.2021'!I$202,7,) -> 0.11388889 | H45: =VLOOKUP(A45,'2.09.2021'!A$3:'2.09.2021'!I$202,8,) -> LATIN URBAN | I45: =VLOOKUP(A45,'2.09.2021'!A$3:'2.09.2021'!I$202,9,) -> Puerto Rico | J45: =IF(ISNUMBER(SEARCH("with",A45)),"Da","Nu") -> Nu
A46: Ley Seca | B46: Jhay Cortez | C46: 11265184 | D46: =(C46/1000*5) -> 56325.92 | E46: =VLOOKUP(A46,'30.09.2021'!A$3:'30.09.2021'!I$202,5,) -> 44370 | F46: 44448 | G46: =VLOOKUP(A46,'30.09.2021'!A$3:'30.09.2021'!I$202,7,) -> 0.099305556 | H46: =VLOOKUP(A46,'30.09.2021'!A$3:'30.09.2021'!I$202,8,) -> LATIN URBAN | I46: =VLOOKUP(A46,'30.09.2021'!A$3:'30.09.2021'!I$202,9,) -> Puerto Rico | J46: =IF(ISNUMBER(SEARCH("with",A46)),"Da","Nu") -> Nu
A47: deja vu | B47: Olivia Rodrigo | C47: 11066776 | D47: =(C47/1000*5) -> 55333.88 | E47: =VLOOKUP(A47,'2.09.2021'!A$3:'2.09.2021'!I$202,5,) -> 44337 | F47: 44448 | G47: =VLOOKUP(A47,'2.09.2021'!A$3:'2.09.2021'!I$202,7,) -> 0.14930556 | H47: =VLOOKUP(A47,'2.09.2021'!A$3:'2.09.2021'!I$202,8,) -> POP | I47: =VLOOKUP(A47,'2.09.2021'!A$3:'2.09.2021'!I$202,9,) -> SUA | J47: =IF(ISNUMBER(SEARCH("with",A47)),"Da","Nu") -> Nu
A48: PariÌs | B48: Ingratax | C48: 11002366 | D48: =(C48/1000*5) -> 55011.83 | E48: =VLOOKUP(A48,'30.09.2021'!A$3:'30.09.2021'!I$202,5,) -> 44435 | F48: 44448 | G48: =VLOOKUP(A48,'30.09.2021'!A$3:'30.09.2021'!I$202,7,) -> 0.13194444 | H48: =VLOOKUP(A48,'30.09.2021'!A$3:'30.09.2021'!I$202,8,) -> POP | I48: =VLOOKUP(A48,'30.09.2021'!A$3:'30.09.2021'!I$202,9,) -> Mexic | J48: =IF(ISNUMBER(SEARCH("with",A48)),"Da","Nu") -> Nu
A49: family ties (with Kendrick Lamar) | B49: Baby Keem | C49: 10790268 | D49: =(C49/1000*5) -> 53951.34 | E49: =VLOOKUP(A49,'2.09.2021'!A$3:'2.09.2021'!I$202,5,) -> 44435 | F49: 44448 | G49: =VLOOKUP(A49,'2.09.2021'!A$3:'2.09.2021'!I$202,7,) -> 0.175 | H49: =VLOOKUP(A49,'2.09.2021'!A$3:'2.09.2021'!I$202,8,) -> HIP-HOP/RAP | I49: =VLOOKUP(A49,'2.09.2021'!A$3:'2.09.2021'!I$202,9,) -> SUA | J49: =IF(ISNUMBER(SEARCH("with",A49)),"Da","Nu") -> Da
A50: AM Remix | B50: Nio Garcia | C50: 10781878 | D50: =(C50/1000*5) -> 53909.39 | E50: =VLOOKUP(A50,'2.09.2021'!A$3:'2.09.2021'!I$202,5,) -> 44371 | F50: 44448 | G50: =VLOOKUP(A50,'2.09.2021'!A$3:'2.09.2021'!I$202,7,) -> 0.18125 | H50: =VLOOKUP(A50,'2.09.2021'!A$3:'2.09.2021'!I$202,8,) -> LATIN URBAN | I50: =VLOOKUP(A50,'2.09.2021'!A$3:'2.09.2021'!I$202,9,) -> Puerto Rico | J50: =IF(ISNUMBER(SEARCH("with",A50)),"Da","Nu") -> Nu
A51: Volando - Remix | B51: Mora | C51: 10771882 | D51: =(C51/1000*5) -> 53859.41 | E51: =VLOOKUP(A51,'2.09.2021'!A$3:'2.09.2021'!I$202,5,) -> 44385 | F51: 44448 | G51: =VLOOKUP(A51,'2.09.2021'!A$3:'2.09.2021'!I$202,7,) -> 0.18958333 | H51: =VLOOKUP(A51,'2.09.2021'!A$3:'2.09.2021'!I$202,8,) -> LATIN | I51: =VLOOKUP(A51,'2.09.2021'!A$3:'2.09.2021'!I$202,9,) -> Puerto Rico | J51: =IF(ISNUMBER(SEARCH("with",A51)),"Da","Nu") -> Nu
A52: DOLLA SIGN SLIME (with Megan Thee Stallion) | B52: Lil Nas X | C52: 10550949 | D52: =(C52/1000*5) -> 52754.745 | E52: 44328 | F52: 44448 | G52: 0.14097222 | H52: HIP-HOP/RAP | I52: SUA | J52: =IF(ISNUMBER(SEARCH("with",A52)),"Da","Nu") -> Da
A53: Sobrio | B53: Maluma | C53: 10490056 | D53: =(C53/1000*5) -> 52450.28 | E53: =VLOOKUP(A53,'2.09.2021'!A$3:'2.09.2021'!I$202,5,) -> 44385 | F53: 44448 | G53: =VLOOKUP(A53,'2.09.2021'!A$3:'2.09.2021'!I$202,7,) -> 0.13958333 | H53: =VLOOKUP(A53,'2.09.2021'!A$3:'2.09.2021'!I$202,8,) -> LATIN URBAN | I53: =VLOOKUP(A53,'2.09.2021'!A$3:'2.09.2021'!I$202,9,) -> Columbia | J53: =IF(ISNUMBER(SEARCH("with",A53)),"Da","Nu") -> Nu
A54: Butter | B54: BTS | C54: 10212971 | D54: =(C54/1000*5) -> 51064.855 | E54: =VLOOKUP(A54,'2.09.2021'!A$3:'2.09.2021'!I$202,5,) -> 44337 | F54: 44448 | G54: =VLOOKUP(A54,'2.09.2021'!A$3:'2.09.2021'!I$202,7,) -> 0.11388889 | H54: =VLOOKUP(A54,'2.09.2021'!A$3:'2.09.2021'!I$202,8,) -> K-POP | I54: =VLOOKUP(A54,'2.09.2021'!A$3:'2.09.2021'!I$202,9,) -> Korea de Sud | J54: =IF(ISNUMBER(SEARCH("with",A54)),"Da","Nu") -> Nu
A55: Where Are You Now | B55: Lost Frequencies | C55: 9999678 | D55: =(C55/1000*5) -> 49998.39 | E55: =VLOOKUP(A55,'30.09.2021'!A$3:'30.09.2021'!I$202,5,) -> 44366 | F55: 44448 | G55: =VLOOKUP(A55,'30.09.2021'!A$3:'30.09.2021'!I$202,7,) -> 0.24930556 | H55: =VLOOKUP(A55,'30.09.2021'!A$3:'30.09.2021'!I$202,8,) -> POP | I55: =VLOOKUP(A55,'30.09.2021'!A$3:'30.09.2021'!I$202,9,) -> Belgia | J55: =IF(ISNUMBER(SEARCH("with",A55)),"Da","Nu") -> Nu
A56: OUT OUT (with Charli XCX & Saweetie) | B56: Joel Corry | C56: 9869162 | D56: =(C56/1000*5) -> 49345.81 | E56: =VLOOKUP(A56,'2.09.2021'!A$3:'2.09.2021'!I$202,5,) -> 44370 | F56: 44448 | G56: =VLOOKUP(A56,'2.09.2021'!A$3:'2.09.2021'!I$202,7,) -> 0.18125 | H56: =VLOOKUP(A56,'2.09.2021'!A$3:'2.09.2021'!I$202,8,) -> ROCK | I56: =VLOOKUP(A56,'2.09.2021'!A$3:'2.09.2021'!I$202,9,) -> Marea Britanie | J56: =IF(ISNUMBER(SEARCH("with",A56)),"Da","Nu") -> Da
A57: Like I Can | B57: Sam Smith | C57: 9813362 | D57: =(C57/1000*5) -> 49066.81 | E57: =VLOOKUP(A57,'2.09.2021'!A$3:'2.09.2021'!I$202,5,) -> 44276 | F57: 44448 | G57: =VLOOKUP(A57,'2.09.2021'!A$3:'2.09.2021'!I$202,7,) -> 0.175 | H57: =VLOOKUP(A57,'2.09.2021'!A$3:'2.09.2021'!I$202,8,) -> POP | I57: =VLOOKUP(A57,'2.09.2021'!A$3:'2.09.2021'!I$202,9,) -> Marea Britanie | J57: =IF(ISNUMBER(SEARCH("with",A57)),"Da","Nu") -> Nu
A58: Watermelon Sugar | B58: Harry Styles | C58: 9777591 | D58: =(C58/1000*5) -> 48887.955 | E58: =VLOOKUP(A58,'2.09.2021'!A$3:'2.09.2021'!I$202,5,) -> 43812 | F58: 44448 | G58: =VLOOKUP(A58,'2.09.2021'!A$3:'2.09.2021'!I$202,7,) -> 0.12013889 | H58: =VLOOKUP(A58,'2.09.2021'!A$3:'2.09.2021'!I$202,8,) -> POP | I58: =VLOOKUP(A58,'2.09.2021'!A$3:'2.09.2021'!I$202,9,) -> Marea Britanie | J58: =IF(ISNUMBER(SEARCH("with",A58)),"Da","Nu") -> Nu
A59: DEAD RIGHT NOW | B59: Lil Nas X | C59: 9615847 | D59: =(C59/1000*5) -> 48079.235 | E59: 44328 | F59: 44448 | G59: 0.11319444 | H59: HIP-HOP/RAP | I59: SUA | J59: =IF(ISNUMBER(SEARCH("with",A59)),"Da","Nu") -> Nu
A60: Don't Go Yet | B60: Camila Cabello | C60: 9402674 | D60: =(C60/1000*5) -> 47013.37 | E60: =VLOOKUP(A60,'2.09.2021'!A$3:'2.09.2021'!I$202,5,) -> 44400 | F60: 44448 | G60: =VLOOKUP(A60,'2.09.2021'!A$3:'2.09.2021'!I$202,7,) -> 0.11388889 | H60: =VLOOKUP(A60,'2.09.2021'!A$3:'2.09.2021'!I$202,8,) -> POP | I60: =VLOOKUP(A60,'2.09.2021'!A$3:'2.09.2021'!I$202,9,) -> Cuba | J60: =IF(ISNUMBER(SEARCH("with",A60)),"Da","Nu") -> Nu
A61: Leave The Door Open | B61: Bruno Mars | C61: 9368376 | D61: =(C61/1000*5) -> 46841.88 | E61: =VLOOKUP(A61,'2.09.2021'!A$3:'2.09.2021'!I$202,5,) -> 44260 | F61: 44448 | G61: =VLOOKUP(A61,'2.09.2021'!A$3:'2.09.2021'!I$202,7,) -> 0.16805556 | H61: =VLOOKUP(A61,'2.09.2021'!A$3:'2.09.2021'!I$202,8,) -> R&B/SOUL | I61: =VLOOKUP(A61,'2.09.2021'!A$3:'2.09.2021'!I$202,9,) -> Puerto Rico | J61: =IF(ISNUMBER(SEARCH("with",A61)),"Da","Nu") -> Nu
A62: love nwantiti (with Dj Yo! & AX'EL) - Remix | B62: CKay | C62: 9338021 | D62: =(C62/1000*5) -> 46690.105 | E62: =VLOOKUP(A62,'30.09.2021'!A$3:'30.09.2021'!I$202,5,) -> 44437 | F62: 44448 | G62: =VLOOKUP(A62,'30.09.2021'!A$3:'30.09.2021'!I$202,7,) -> 0.18125 | H62: =VLOOKUP(A62,'30.09.2021'!A$3:'30.09.2021'!I$202,8,) -> AFROBEATS | I62: =VLOOKUP(A62,'30.09.2021'!A$3:'30.09.2021'!I$202,9,) -> Africa | J62: =IF(ISNUMBER(SEARCH("with",A62)),"Da","Nu") -> Da
A63: Champagne Poetry | B63: Drake | C63: 9273584 | D63: =(C63/1000*5) -> 46367.92 | E63: =VLOOKUP(A63,'30.09.2021'!A$3:'30.09.2021'!I$202,5,) -> 44476 | F63: 44448 | G63: =VLOOKUP(A63,'30.09.2021'!A$3:'30.09.2021'!I$202,7,) -> 0.35625 | H63: =VLOOKUP(A63,'30.09.2021'!A$3:'30.09.2021'!I$202,8,) -> HIP-HOP/RAP | I63: =VLOOKUP(A63,'30.09.2021'!A$3:'30.09.2021'!I$202,9,) -> Canada | J63: =IF(ISNUMBER(SEARCH("with",A63)),"Da","Nu") -> Nu
A64: Entre Nosotros | B64: Tiago PZK | C64: 9230616 | D64: =(C64/1000*5) -> 46153.08 | E64: =VLOOKUP(A64,'2.09.2021'!A$3:'2.09.2021'!I$202,5,) -> 44386 | F64: 44448 | G64: =VLOOKUP(A64,'2.09.2021'!A$3:'2.09.2021'!I$202,7,) -> 0.13333333 | H64: =VLOOKUP(A64,'2.09.2021'!A$3:'2.09.2021'!I$202,8,) -> RHYTHM & BLUES | I64: =VLOOKUP(A64,'2.09.2021'!A$3:'2.09.2021'!I$202,9,) -> Argentina | J64: =IF(ISNUMBER(SEARCH("with",A64)),"Da","Nu") -> Nu
A65: Sweater Weather | B65: The Neighbourhood | C65: 9201753 | D65: =(C65/1000*5) -> 46008.765 | E65: =VLOOKUP(A65,'2.09.2021'!A$3:'2.09.2021'!I$202,5,) -> 44230 | F65: 44448 | G65: =VLOOKUP(A65,'2.09.2021'!A$3:'2.09.2021'!I$202,7,) -> 0.095833333 | H65: =VLOOKUP(A65,'2.09.2021'!A$3:'2.09.2021'!I$202,8,) -> R&B/SOUL | I65: =VLOOKUP(A65,'2.09.2021'!A$3:'2.09.2021'!I$202,9,) -> SUA | J65: =IF(ISNUMBER(SEARCH("with",A65)),"Da","Nu") -> Nu
A66: happier | B66: Olivia Rodrigo | C66: 9167057 | D66: =(C66/1000*5) -> 45835.285 | E66: =VLOOKUP(A66,'2.09.2021'!A$3:'2.09.2021'!I$202,5,) -> 44337 | F66: 44448 | G66: =VLOOKUP(A66,'2.09.2021'!A$3:'2.09.2021'!I$202,7,) -> 0.12152778 | H66: =VLOOKUP(A66,'2.09.2021'!A$3:'2.09.2021'!I$202,8,) -> POP | I66: =VLOOKUP(A66,'2.09.2021'!A$3:'2.09.2021'!I$202,9,) -> SUA | J66: =IF(ISNUMBER(SEARCH("with",A66)),"Da","Nu") -> Nu
A67: Mood (with iann dior) | B67: 24kGoldn | C67: 9162592 | D67: =(C67/1000*5) -> 45812.96 | E67: =VLOOKUP(A67,'2.09.2021'!A$3:'2.09.2021'!I$202,5,) -> 44336 | F67: 44448 | G67: =VLOOKUP(A67,'2.09.2021'!A$3:'2.09.2021'!I$202,7,) -> 0.095138889 | H67: =VLOOKUP(A67,'2.09.2021'!A$3:'2.09.2021'!I$202,8,) -> HIP-HOP/RAP | I67: =VLOOKUP(A67,'2.09.2021'!A$3:'2.09.2021'!I$202,9,) -> SUA | J67: =IF(ISNUMBER(SEARCH("with",A67)),"Da","Nu") -> Da
A68: Love Tonight - Edit | B68: Shouse | C68: 9066520 | D68: =(C68/1000*5) -> 45332.6 | E68: =VLOOKUP(A68,'2.09.2021'!A$3:'2.09.2021'!I$202,5,) -> 43083 | F68: 44448 | G68: =VLOOKUP(A68,'2.09.2021'!A$3:'2.09.2021'!I$202,7,) -> 0.16736111 | H68: =VLOOKUP(A68,'2.09.2021'!A$3:'2.09.2021'!I$202,8,) -> ELECTRONIC | I68: =VLOOKUP(A68,'2.09.2021'!A$3:'2.09.2021'!I$202,9,) -> Australia | J68: =IF(ISNUMBER(SEARCH("with",A68)),"Da","Nu") -> Nu
A69: SUN GOES DOWN | B69: Lil Nas X | C69: 9056136 | D69: =(C69/1000*5) -> 45280.68 | E69: 44328 | F69: 44448 | G69: 0.14097222 | H69: hIP-HOP/RAP | I69: SUA | J69: =IF(ISNUMBER(SEARCH("with",A69)),"Da","Nu") -> Nu
A70: Dákiti | B70: Bad Bunny | C70: 8997854 | D70: =(C70/1000*5) -> 44989.27 | E70: =VLOOKUP(A70,'2.09.2021'!A$3:'2.09.2021'!I$202,5,) -> 44134 | F70: 44448 | G70: =VLOOKUP(A70,'2.09.2021'!A$3:'2.09.2021'!I$202,7,) -> 0.14236111 | H70: =VLOOKUP(A70,'2.09.2021'!A$3:'2.09.2021'!I$202,8,) -> LATIN | I70: =VLOOKUP(A70,'2.09.2021'!A$3:'2.09.2021'!I$202,9,) -> Puerto Rico | J70: =IF(ISNUMBER(SEARCH("with",A70)),"Da","Nu") -> Nu
A71: Dark Red | B71: Steve Lacy | C71: 8972367 | D71: =(C71/1000*5) -> 44861.835 | E71: =VLOOKUP(A71,'2.09.2021'!A$3:'2.09.2021'!I$202,5,) -> 44306 | F71: 44448 | G71: =VLOOKUP(A71,'2.09.2021'!A$3:'2.09.2021'!I$202,7,) -> 0.15347222 | H71: =VLOOKUP(A71,'2.09.2021'!A$3:'2.09.2021'!I$202,8,) -> DANCE | I71: =VLOOKUP(A71,'2.09.2021'!A$3:'2.09.2021'!I$202,9,) -> SUA | J71: =IF(ISNUMBER(SEARCH("with",A71)),"Da","Nu") -> Nu
A72: Una Nota | B72: J Balvin | C72: 8922665 | D72: =(C72/1000*5) -> 44613.325 | E72: =VLOOKUP(A72,'30.09.2021'!A$3:'30.09.2021'!I$202,5,) -> 44229 | F72: 44448 | G72: =VLOOKUP(A72,'30.09.2021'!A$3:'30.09.2021'!I$202,7,) -> 0.10555556 | H72: =VLOOKUP(A72,'30.09.2021'!A$3:'30.09.2021'!I$202,8,) -> LATIN URBAN | I72: =VLOOKUP(A72,'30.09.2021'!A$3:'30.09.2021'!I$202,9,) -> Columbia | J72: =IF(ISNUMBER(SEARCH("with",A72)),"Da","Nu") -> Nu
A73: TALES OF DOMINICA | B73: Lil Nas X | C73: 8726024 | D73: =(C73/1000*5) -> 43630.12 | E73: 44328 | F73: 44448 | G73: 0.16736111 | H73: hIP-HOP/RAP | I73: SUA | J73: =IF(ISNUMBER(SEARCH("with",A73)),"Da","Nu") -> Nu
A74: Permission to Dance | B74: BTS | C74: 8686128 | D74: =(C74/1000*5) -> 43430.64 | E74: =VLOOKUP(A74,'2.09.2021'!A$3:'2.09.2021'!I$202,5,) -> 44386 | F74: 44448 | G74: =VLOOKUP(A74,'2.09.2021'!A$3:'2.09.2021'!I$202,7,) -> 0.12986111 | H74: =VLOOKUP(A74,'2.09.2021'!A$3:'2.09.2021'!I$202,8,) -> K-POP | I74: =VLOOKUP(A74,'2.09.2021'!A$3:'2.09.2021'!I$202,9,) -> Korea de Sud | J74: =IF(ISNUMBER(SEARCH("with",A74)),"Da","Nu") -> Nu
A75: Freaks | B75: Surf Curse | C75: 8611134 | D75: =(C75/1000*5) -> 43055.67 | E75: =VLOOKUP(A75,'2.09.2021'!A$3:'2.09.2021'!I$202,5,) -> 44229 | F75: 44448 | G75: =VLOOKUP(A75,'2.09.2021'!A$3:'2.09.2021'!I$202,7,) -> 0.14097222 | H75: =VLOOKUP(A75,'2.09.2021'!A$3:'2.09.2021'!I$202,8,) -> POP | I75: =VLOOKUP(A75,'2.09.2021'!A$3:'2.09.2021'!I$202,9,) -> SUA | J75: =IF(ISNUMBER(SEARCH("with",A75)),"Da","Nu") -> Nu
A76: Pareja Del AÃ±o | B76: Sebastian Yatra | C76: 8459196 | D76: =(C76/1000*5) -> 42295.98 | E76: =VLOOKUP(A76,'2.09.2021'!A$3:'2.09.2021'!I$202,5,) -> 44238 | F76: 44448 | G76: =VLOOKUP(A76,'2.09.2021'!A$3:'2.09.2021'!I$202,7,) -> 0.20625 | H76: =VLOOKUP(A76,'2.09.2021'!A$3:'2.09.2021'!I$202,8,) -> LATIN URBAN | I76: =VLOOKUP(A76,'2.09.2021'!A$3:'2.09.2021'!I$202,9,) -> Columbia | J76: =IF(ISNUMBER(SEARCH("with",A76)),"Da","Nu") -> Nu
A77: Someone You Loved | B77: Lewis Capaldi | C77: 8388161 | D77: =(C77/1000*5) -> 41940.805 | E77: =VLOOKUP(A77,'2.09.2021'!A$3:'2.09.2021'!I$202,5,) -> 44377 | F77: 44448 | G77: =VLOOKUP(A77,'2.09.2021'!A$3:'2.09.2021'!I$202,7,) -> 0.14444444 | H77: =VLOOKUP(A77,'2.09.2021'!A$3:'2.09.2021'!I$202,8,) -> HIP-HOP/RAP | I77: =VLOOKUP(A77,'2.09.2021'!A$3:'2.09.2021'!I$202,9,) -> Scoția | J77: =IF(ISNUMBER(SEARCH("with",A77)),"Da","Nu") -> Nu
A78: Leave Before You Love Me (with Jonas Brothers) | B78: Marshmello | C78: 8387045 | D78: =(C78/1000*5) -> 41935.225 | E78: =VLOOKUP(A78,'2.09.2021'!A$3:'2.09.2021'!I$202,5,) -> 44466 | F78: 44448 | G78: =VLOOKUP(A78,'2.09.2021'!A$3:'2.09.2021'!I$202,7,) -> 0.16805556 | H78: =VLOOKUP(A78,'2.09.2021'!A$3:'2.09.2021'!I$202,8,) -> ROCK | I78: =VLOOKUP(A78,'2.09.2021'!A$3:'2.09.2021'!I$202,9,) -> SUA | J78: =IF(ISNUMBER(SEARCH("with",A78)),"Da","Nu") -> Da
A79: I GUESS I'M IN LOVE | B79: Clinton Kane | C79: 8365898 | D79: =(C79/1000*5) -> 41829.49 | E79: =VLOOKUP(A79,'2.09.2021'!A$3:'2.09.2021'!I$202,5,) -> 44352 | F79: 44448 | G79: =VLOOKUP(A79,'2.09.2021'!A$3:'2.09.2021'!I$202,7,) -> 0.11388889 | H79: =VLOOKUP(A79,'2.09.2021'!A$3:'2.09.2021'!I$202,8,) -> HIP-HOP/RAP | I79: =VLOOKUP(A79,'2.09.2021'!A$3:'2.09.2021'!I$202,9,) -> Norvegia | J79: =IF(ISNUMBER(SEARCH("with",A79)),"Da","Nu") -> Nu
A80: Don't Start Now | B80: Dua Lipa | C80: 8314881 | D80: =(C80/1000*5) -> 41574.405 | E80: =VLOOKUP(A80,'2.09.2021'!A$3:'2.09.2021'!I$202,5,) -> 44248 | F80: 44448 | G80: =VLOOKUP(A80,'2.09.2021'!A$3:'2.09.2021'!I$202,7,) -> 0.11736111 | H80: =VLOOKUP(A80,'2.09.2021'!A$3:'2.09.2021'!I$202,8,) -> K-POP | I80: =VLOOKUP(A80,'2.09.2021'!A$3:'2.09.2021'!I$202,9,) -> Marea Britanie | J80: =IF(ISNUMBER(SEARCH("with",A80)),"Da","Nu") -> Nu
A81: Dynamite | B81: BTS | C81: 8302656 | D81: =(C81/1000*5) -> 41513.28 | E81: =VLOOKUP(A81,'2.09.2021'!A$3:'2.09.2021'!I$202,5,) -> 44459 | F81: 44448 | G81: =VLOOKUP(A81,'2.09.2021'!A$3:'2.09.2021'!I$202,7,) -> 0.097916667 | H81: =VLOOKUP(A81,'2.09.2021'!A$3:'2.09.2021'!I$202,8,) -> K-POP | I81: =VLOOKUP(A81,'2.09.2021'!A$3:'2.09.2021'!I$202,9,) -> Korea de Sud | J81: =IF(ISNUMBER(SEARCH("with",A81)),"Da","Nu") -> Nu
A82: ONE OF ME (with Elton John) | B82: Lil Nas X | C82: 8266667 | D82: =(C82/1000*5) -> 41333.335 | E82: 44328 | F82: 44448 | G82: 0.15625 | H82: HIP-HOP/RAP | I82: SUA | J82: =IF(ISNUMBER(SEARCH("with",A82)),"Da","Nu") -> Da
A83: Friday (with Mufasa & Hypeman) - Dopamine Re-Edit | B83: Riton | C83: 8262943 | D83: =(C83/1000*5) -> 41314.715 | E83: =VLOOKUP(A83,'2.09.2021'!A$3:'2.09.2021'!I$202,5,) -> 44211 | F83: 44448 | G83: =VLOOKUP(A83,'2.09.2021'!A$3:'2.09.2021'!I$202,7,) -> 0.11736111 | H83: =VLOOKUP(A83,'2.09.2021'!A$3:'2.09.2021'!I$202,8,) -> DANCE | I83: =VLOOKUP(A83,'2.09.2021'!A$3:'2.09.2021'!I$202,9,) -> Marea Britanie | J83: =IF(ISNUMBER(SEARCH("with",A83)),"Da","Nu") -> Da
A84: Miénteme | B84: TINI | C84: 8239521 | D84: =(C84/1000*5) -> 41197.605 | E84: =VLOOKUP(A84,'2.09.2021'!A$3:'2.09.2021'!I$202,5,) -> 44317 | F84: 44448 | G84: =VLOOKUP(A84,'2.09.2021'!A$3:'2.09.2021'!I$202,7,) -> 0.11458333 | H84: =VLOOKUP(A84,'2.09.2021'!A$3:'2.09.2021'!I$202,8,) -> LATIN URBAN | I84: =VLOOKUP(A84,'2.09.2021'!A$3:'2.09.2021'!I$202,9,) -> Argentina | J84: =IF(ISNUMBER(SEARCH("with",A84)),"Da","Nu") -> Nu
A85: Moon | B85: Kanye West | C85: 8228741 | D85: =(C85/1000*5) -> 41143.705 | E85: =VLOOKUP(A85,'2.09.2021'!A$3:'2.09.2021'!I$202,5,) -> 44437 | F85: 44448 | G85: =VLOOKUP(A85,'2.09.2021'!A$3:'2.09.2021'!I$202,7,) -> 0.10833333 | H85: =VLOOKUP(A85,'2.09.2021'!A$3:'2.09.2021'!I$202,8,) -> HIP-HOP/RAP | I85: =VLOOKUP(A85,'2.09.2021'!A$3:'2.09.2021'!I$202,9,) -> SUA | J85: =IF(ISNUMBER(SEARCH("with",A85)),"Da","Nu") -> Nu
A86: LOST IN THE CITADEL | B86: Lil Nas X | C86: 8200216 | D86: =(C86/1000*5) -> 41001.08 | E86: 44328 | F86: 44448 | G86: 0.089583333 | H86: HIP-HOP/RAP | I86: SUA | J86: =IF(ISNUMBER(SEARCH("with",A86)),"Da","Nu") -> Nu
A87: Ain't Shit | B87: Doja Cat | C87: 8167885 | D87: =(C87/1000*5) -> 40839.425 | E87: =VLOOKUP(A87,'2.09.2021'!A$3:'2.09.2021'!I$202,5,) -> 44372 | F87: 44448 | G87: =VLOOKUP(A87,'2.09.2021'!A$3:'2.09.2021'!I$202,7,) -> 0.12083333 | H87: =VLOOKUP(A87,'2.09.2021'!A$3:'2.09.2021'!I$202,8,) -> POP | I87: =VLOOKUP(A87,'2.09.2021'!A$3:'2.09.2021'!I$202,9,) -> SUA | J87: =IF(ISNUMBER(SEARCH("with",A87)),"Da","Nu") -> Nu
A88: Astronaut In The Ocean | B88: Masked Wolf | C88: 8097836 | D88: =(C88/1000*5) -> 40489.18 | E88: =VLOOKUP(A88,'2.09.2021'!A$3:'2.09.2021'!I$202,5,) -> 44438 | F88: 44448 | G88: =VLOOKUP(A88,'2.09.2021'!A$3:'2.09.2021'!I$202,7,) -> 0.16875 | H88: =VLOOKUP(A88,'2.09.2021'!A$3:'2.09.2021'!I$202,8,) -> POP | I88: =VLOOKUP(A88,'2.09.2021'!A$3:'2.09.2021'!I$202,9,) -> Australia | J88: =IF(ISNUMBER(SEARCH("with",A88)),"Da","Nu") -> Nu
A89: Tiroteo - Remix | B89: Marc SeguÃ­ | C89: 8010126 | D89: =(C89/1000*5) -> 40050.63 | E89: =VLOOKUP(A89,'2.09.2021'!A$3:'2.09.2021'!I$202,5,) -> 44287 | F89: 44448 | G89: =VLOOKUP(A89,'2.09.2021'!A$3:'2.09.2021'!I$202,7,) -> 0.22291667 | H89: =VLOOKUP(A89,'2.09.2021'!A$3:'2.09.2021'!I$202,8,) -> LATIN URBAN | I89: =VLOOKUP(A89,'2.09.2021'!A$3:'2.09.2021'!I$202,9,) -> Puerto Rico | J89: =IF(ISNUMBER(SEARCH("with",A89)),"Da","Nu") -> Nu
A90: jealousy, jealousy | B90: Olivia Rodrigo | C90: 7855715 | D90: =(C90/1000*5) -> 39278.575 | E90: =VLOOKUP(A90,'2.09.2021'!A$3:'2.09.2021'!I$202,5,) -> 44337 | F90: 44448 | G90: =VLOOKUP(A90,'2.09.2021'!A$3:'2.09.2021'!I$202,7,) -> 0.12013889 | H90: =VLOOKUP(A90,'2.09.2021'!A$3:'2.09.2021'!I$202,8,) -> POP | I90: =VLOOKUP(A90,'2.09.2021'!A$3:'2.09.2021'!I$202,9,) -> SUA | J90: =IF(ISNUMBER(SEARCH("with",A90)),"Da","Nu") -> Nu
A91: The Business | B91: TiÃ«sto | C91: 7738475 | D91: =(C91/1000*5) -> 38692.375 | E91: =VLOOKUP(A91,'2.09.2021'!A$3:'2.09.2021'!I$202,5,) -> 44336 | F91: 44448 | G91: =VLOOKUP(A91,'2.09.2021'!A$3:'2.09.2021'!I$202,7,) -> 0.12152778 | H91: =VLOOKUP(A91,'2.09.2021'!A$3:'2.09.2021'!I$202,8,) -> DANCE | I91: =VLOOKUP(A91,'2.09.2021'!A$3:'2.09.2021'!I$202,9,) -> Olanda | J91: =IF(ISNUMBER(SEARCH("with",A91)),"Da","Nu") -> Nu
A92: edamame (with Rich Brian) | B92: bbno$ | C92: 7699384 | D92: =(C92/1000*5) -> 38496.92 | E92: =VLOOKUP(A92,'2.09.2021'!A$3:'2.09.2021'!I$202,5,) -> 43945 | F92: 44448 | G92: =VLOOKUP(A92,'2.09.2021'!A$3:'2.09.2021'!I$202,7,) -> 0.090277778 | H92: =VLOOKUP(A92,'2.09.2021'!A$3:'2.09.2021'!I$202,8,) -> R&B/SOUL | I92: =VLOOKUP(A92,'2.09.2021'!A$3:'2.09.2021'!I$202,9,) -> Canada | J92: =IF(ISNUMBER(SEARCH("with",A92)),"Da","Nu") -> Da
A93: love nwantiti (with ElGrande Toto) - North African Remix | B93: CKay | C93: 7698403 | D93: =(C93/1000*5) -> 38492.015 | E93: =VLOOKUP(A93,'30.09.2021'!A$3:'30.09.2021'!I$202,5,) -> 44245 | F93: 44448 | G93: =VLOOKUP(A93,'30.09.2021'!A$3:'30.09.2021'!I$202,7,) -> 0.18263889 | H93: =VLOOKUP(A93,'30.09.2021'!A$3:'30.09.2021'!I$202,8,) -> RHYTHM & BLUES | I93: =VLOOKUP(A93,'30.09.2021'!A$3:'30.09.2021'!I$202,9,) -> Africa | J93: =IF(ISNUMBER(SEARCH("with",A93)),"Da","Nu") -> Da
A94: Love Again | B94: Dua Lipa | C94: 7695070 | D94: =(C94/1000*5) -> 38475.35 | E94: =VLOOKUP(A94,'2.09.2021'!A$3:'2.09.2021'!I$202,5,) -> 44259 | F94: 44448 | G94: =VLOOKUP(A94,'2.09.2021'!A$3:'2.09.2021'!I$202,7,) -> 0.14027778 | H94: =VLOOKUP(A94,'2.09.2021'!A$3:'2.09.2021'!I$202,8,) -> ELECTRONIC | I94: =VLOOKUP(A94,'2.09.2021'!A$3:'2.09.2021'!I$202,9,) -> Marea Britanie | J94: =IF(ISNUMBER(SEARCH("with",A94)),"Da","Nu") -> Nu
A95: NostÃ¡lgico | B95: Rvssian | C95: 7686075 | D95: =(C95/1000*5) -> 38430.375 | E95: =VLOOKUP(A95,'30.09.2021'!A$3:'30.09.2021'!I$202,5,) -> 44339 | F95: 44448 | G95: =VLOOKUP(A95,'30.09.2021'!A$3:'30.09.2021'!I$202,7,) -> 0.14097222 | H95: =VLOOKUP(A95,'30.09.2021'!A$3:'30.09.2021'!I$202,8,) -> LATIN URBAN | I95: =VLOOKUP(A95,'30.09.2021'!A$3:'30.09.2021'!I$202,9,) -> Puerto Rico | J95: =IF(ISNUMBER(SEARCH("with",A95)),"Da","Nu") -> Nu
A96: AM I DREAMING (with Miley Cyrus) | B96: Lil Nas X | C96: 7632690 | D96: =(C96/1000*5) -> 38163.45 | E96: 44328 | F96: 44448 | G96: 0.099305556 | H96: HIP-HOP/RAP | I96: SUA | J96: =IF(ISNUMBER(SEARCH("with",A96)),"Da","Nu") -> Da
A97: favorite crime | B97: Olivia Rodrigo | C97: 7620617 | D97: =(C97/1000*5) -> 38103.085 | E97: =VLOOKUP(A97,'2.09.2021'!A$3:'2.09.2021'!I$202,5,) -> 44346 | F97: 44448 | G97: =VLOOKUP(A97,'2.09.2021'!A$3:'2.09.2021'!I$202,7,) -> 0.14930556 | H97: =VLOOKUP(A97,'2.09.2021'!A$3:'2.09.2021'!I$202,8,) -> ALTERNATIVE | I97: =VLOOKUP(A97,'2.09.2021'!A$3:'2.09.2021'!I$202,9,) -> SUA | J97: =IF(ISNUMBER(SEARCH("with",A97)),"Da","Nu") -> Nu
A98: 911 - Remix | B98: Sech | C98: 7619310 | D98: =(C98/1000*5) -> 38096.55 | E98: =VLOOKUP(A98,'2.09.2021'!A$3:'2.09.2021'!I$202,5,) -> 44386 | F98: 44448 | G98: =VLOOKUP(A98,'2.09.2021'!A$3:'2.09.2021'!I$202,7,) -> 0.14444444 | H98: =VLOOKUP(A98,'2.09.2021'!A$3:'2.09.2021'!I$202,8,) -> LATIN URBAN | I98: =VLOOKUP(A98,'2.09.2021'!A$3:'2.09.2021'!I$202,9,) -> Panama | J98: =IF(ISNUMBER(SEARCH("with",A98)),"Da","Nu") -> Nu
A99: Have Mercy | B99: ChlÃ¶e | C99: 7601818 | D99: =(C99/1000*5) -> 38009.09 | E99: =VLOOKUP(A99,'30.09.2021'!A$3:'30.09.2021'!I$202,5,) -> 44339 | F99: 44448 | G99: =VLOOKUP(A99,'30.09.2021'!A$3:'30.09.2021'!I$202,7,) -> 0.11458333 | H99: =VLOOKUP(A99,'30.09.2021'!A$3:'30.09.2021'!I$202,8,) -> POP | I99: =VLOOKUP(A99,'30.09.2021'!A$3:'30.09.2021'!I$202,9,) -> SUA | J99: =IF(ISNUMBER(SEARCH("with",A99)),"Da","Nu") -> Nu
A100: Off The Grid | B100: Kanye West | C100: 7499273 | D100: =(C100/1000*5) -> 37496.365 | E100: =VLOOKUP(A100,'2.09.2021'!A$3:'2.09.2021'!I$202,5,) -> 44437 | F100: 44448 | G100: =VLOOKUP(A100,'2.09.2021'!A$3:'2.09.2021'!I$202,7,) -> 0.23541667 | H100: =VLOOKUP(A100,'2.09.2021'!A$3:'2.09.2021'!I$202,8,) -> HIP-HOP/RAP | I100: =VLOOKUP(A100,'2.09.2021'!A$3:'2.09.2021'!I$202,9,) -> SUA | J100: =IF(ISNUMBER(SEARCH("with",A100)),"Da","Nu") -> Nu
A101: Summer of Love (Shawn Mendes & Tainy) | B101: Shawn Mendes | C101: 7490488 | D101: =(C101/1000*5) -> 37452.44 | E101: =VLOOKUP(A101,'2.09.2021'!A$3:'2.09.2021'!I$202,5,) -> 44428 | F101: 44448 | G101: =VLOOKUP(A101,'2.09.2021'!A$3:'2.09.2021'!I$202,7,) -> 0.12777778 | H101: =VLOOKUP(A101,'2.09.2021'!A$3:'2.09.2021'!I$202,8,) -> POP | I101: =VLOOKUP(A101,'2.09.2021'!A$3:'2.09.2021'!I$202,9,) -> Canada | J101: =IF(ISNUMBER(SEARCH("with",A101)),"Da","Nu") -> Nu
...

Sheet 16.09.2021
A1: Numele Melodiei | B1: Artist | C1: Numar vizualizari | D1: Venituri (nr vizulizari/1000*5) | E1: Data Lansarii | F1: Aparitii in top 200 | G1: Durata Melodiei | H1: Genul de Muzica | I1: Nationalitatea Artistului | J1: Colaborare
A3: STAY (with Justin Bieber) | B3: The Kid LAROI | C3: 62413082 | D3: =(C3/1000*5) -> 312065.41 | E3: =VLOOKUP(A3,'2.09.2021'!A$3:'2.09.2021'!I$202,5,) -> 44386 | F3: 44455 | G3: =VLOOKUP(A3,'2.09.2021'!A$3:'2.09.2021'!I$202,7,) -> 0.097916667 | H3: =VLOOKUP(A3,'2.09.2021'!A$3:'2.09.2021'!I$202,8,) -> POP | I3: =VLOOKUP(A3,'2.09.2021'!A$3:'2.09.2021'!I$202,9,) -> Australia | J3: =IF(ISNUMBER(SEARCH("with",A3)),"Da","Nu") -> Da
A4: INDUSTRY BABY (with Jack Harlow) | B4: Lil Nas X | C4: 41902868 | D4: =(C4/1000*5) -> 209514.34 | E4: =VLOOKUP(A4,'2.09.2021'!A$3:'2.09.2021'!I$202,5,) -> 44400 | F4: 44455 | G4: =VLOOKUP(A4,'2.09.2021'!A$3:'2.09.2021'!I$202,7,) -> 0.14722222 | H4: =VLOOKUP(A4,'2.09.2021'!A$3:'2.09.2021'!I$202,8,) -> HIP-HOP/RAP | I4: =VLOOKUP(A4,'2.09.2021'!A$3:'2.09.2021'!I$202,9,) -> SUA | J4: =IF(ISNUMBER(SEARCH("with",A4)),"Da","Nu") -> Da
A5: Bad Habits | B5: Ed Sheeran | C5: 31351285 | D5: =(C5/1000*5) -> 156756.42 | E5: =VLOOKUP(A5,'2.09.2021'!A$3:'2.09.2021'!I$202,5,) -> 44358 | F5: 44455 | G5: =VLOOKUP(A5,'2.09.2021'!A$3:'2.09.2021'!I$202,7,) -> 0.14722222 | H5: =VLOOKUP(A5,'2.09.2021'!A$3:'2.09.2021'!I$202,8,) -> POP | I5: =VLOOKUP(A5,'2.09.2021'!A$3:'2.09.2021'!I$202,9,) -> Marea Britanie | J5: =IF(ISNUMBER(SEARCH("with",A5)),"Da","Nu") -> Nu
A6: Pepas | B6: Farruko | C6: 29676719 | D6: =(C6/1000*5) -> 148383.6 | E6: =VLOOKUP(A6,'2.09.2021'!A$3:'2.09.2021'!I$202,5,) -> 44538 | F6: 44455 | G6: =VLOOKUP(A6,'2.09.2021'!A$3:'2.09.2021'!I$202,7,) -> 0.19930556 | H6: =VLOOKUP(A6,'2.09.2021'!A$3:'2.09.2021'!I$202,8,) -> LATIN URBAN | I6: =VLOOKUP(A6,'2.09.2021'!A$3:'2.09.2021'!I$202,9,) -> Puerto Rico | J6: =IF(ISNUMBER(SEARCH("with",A6)),"Da","Nu") -> Nu
A7: Heat Waves | B7: Glass Animals | C7: 28688699 | D7: =(C7/1000*5) -> 143443.49 | E7: =VLOOKUP(A7,'2.09.2021'!A$3:'2.09.2021'!I$202,5,) -> 44050 | F7: 44455 | G7: =VLOOKUP(A7,'2.09.2021'!A$3:'2.09.2021'!I$202,7,) -> 0.16527778 | H7: =VLOOKUP(A7,'2.09.2021'!A$3:'2.09.2021'!I$202,8,) -> POP | I7: =VLOOKUP(A7,'2.09.2021'!A$3:'2.09.2021'!I$202,9,) -> Marea Britanie | J7: =IF(ISNUMBER(SEARCH("with",A7)),"Da","Nu") -> Nu
A8: Woman | B8: Doja Cat | C8: 28542372 | D8: =(C8/1000*5) -> 142711.86 | E8: =VLOOKUP(A8,'2.09.2021'!A$3:'2.09.2021'!I$202,5,) -> 44374 | F8: 44455 | G8: =VLOOKUP(A8,'2.09.2021'!A$3:'2.09.2021'!I$202,7,) -> 0.10069444 | H8: =VLOOKUP(A8,'2.09.2021'!A$3:'2.09.2021'!I$202,8,) -> POP | I8: =VLOOKUP(A8,'2.09.2021'!A$3:'2.09.2021'!I$202,9,) -> SUA | J8: =IF(ISNUMBER(SEARCH("with",A8)),"Da","Nu") -> Nu
A9: Beggin' | B9: Måneskin | C9: 26772173 | D9: =(C9/1000*5) -> 133860.86 | E9: =VLOOKUP(A9,'2.09.2021'!A$3:'2.09.2021'!I$202,5,) -> 43077 | F9: 44455 | G9: =VLOOKUP(A9,'2.09.2021'!A$3:'2.09.2021'!I$202,7,) -> 0.14652778 | H9: =VLOOKUP(A9,'2.09.2021'!A$3:'2.09.2021'!I$202,8,) -> ROCK | I9: =VLOOKUP(A9,'2.09.2021'!A$3:'2.09.2021'!I$202,9,) -> Italia | J9: =IF(ISNUMBER(SEARCH("with",A9)),"Da","Nu") -> Nu
A10: good 4 u | B10: Olivia Rodrigo | C10: 25414611 | D10: =(C10/1000*5) -> 127073.06 | E10: =VLOOKUP(A10,'2.09.2021'!A$3:'2.09.2021'!I$202,5,) -> 44337 | F10: 44455 | G10: =VLOOKUP(A10,'2.09.2021'!A$3:'2.09.2021'!I$202,7,) -> 0.12361111 | H10: =VLOOKUP(A10,'2.09.2021'!A$3:'2.09.2021'!I$202,8,) -> POP | I10: =VLOOKUP(A10,'2.09.2021'!A$3:'2.09.2021'!I$202,9,) -> SUA | J10: =IF(ISNUMBER(SEARCH("with",A10)),"Da","Nu") -> Nu
A11: Fair Trade (with Travis Scott) | B11: Drake | C11: 25297983 | D11: =(C11/1000*5) -> 126489.92 | E11: =VLOOKUP(A11,'23.09.2021'!A$3:'23.09.2021'!I$202,5,) -> 44460 | F11: 44455 | G11: =VLOOKUP(A11,'23.09.2021'!A$3:'23.09.2021'!I$202,7,) -> 0.14097222 | H11: =VLOOKUP(A11,'23.09.2021'!A$3:'23.09.2021'!I$202,8,) -> hIP-HOP/RAP | I11: =VLOOKUP(A11,'23.09.2021'!A$3:'23.09.2021'!I$202,9,) -> Canada | J11: =IF(ISNUMBER(SEARCH("with",A11)),"Da","Nu") -> Da
A12: Way 2 Sexy (with Future & Young Thug) | B12: Drake | C12: 24928604 | D12: =(C12/1000*5) -> 124643.02 | E12: =VLOOKUP(A12,'23.09.2021'!A$3:'23.09.2021'!I$202,5,) -> 44460 | F12: 44455 | G12: =VLOOKUP(A12,'23.09.2021'!A$3:'23.09.2021'!I$202,7,) -> 0.055555556 | H12: =VLOOKUP(A12,'23.09.2021'!A$3:'23.09.2021'!I$202,8,) -> HIP-HOP/RAP | I12: =VLOOKUP(A12,'23.09.2021'!A$3:'23.09.2021'!I$202,9,) -> Canada | J12: =IF(ISNUMBER(SEARCH("with",A12)),"Da","Nu") -> Da
A13: Shivers | B13: Ed Sheeran | C13: 23729735 | D13: =(C13/1000*5) -> 118648.68 | E13: =VLOOKUP(A13,'30.09.2021'!A$3:'30.09.2021'!I$202,5,) -> 44315 | F13: 44455 | G13: =VLOOKUP(A13,'30.09.2021'!A$3:'30.09.2021'!I$202,7,) -> 0.10555556 | H13: =VLOOKUP(A13,'30.09.2021'!A$3:'30.09.2021'!I$202,8,) -> POP | I13: =VLOOKUP(A13,'30.09.2021'!A$3:'30.09.2021'!I$202,9,) -> Marea Britanie | J13: =IF(ISNUMBER(SEARCH("with",A13)),"Da","Nu") -> Nu
A14: Girls Want Girls (with Lil Baby) | B14: Drake | C14: 23379545 | D14: =(C14/1000*5) -> 116897.72 | E14: =VLOOKUP(A14,'23.09.2021'!A$3:'23.09.2021'!I$202,5,) -> 44460 | F14: 44455 | G14: =VLOOKUP(A14,'23.09.2021'!A$3:'23.09.2021'!I$202,7,) -> 0.085416667 | H14: =VLOOKUP(A14,'23.09.2021'!A$3:'23.09.2021'!I$202,8,) -> hIP-HOP/RAP | I14: =VLOOKUP(A14,'23.09.2021'!A$3:'23.09.2021'!I$202,9,) -> Canada | J14: =IF(ISNUMBER(SEARCH("with",A14)),"Da","Nu") -> Da
A15: Need To Know | B15: Doja Cat | C15: 23196486 | D15: =(C15/1000*5) -> 115982.43 | E15: =VLOOKUP(A15,'2.09.2021'!A$3:'2.09.2021'!I$202,5,) -> 44371 | F15: 44455 | G15: =VLOOKUP(A15,'2.09.2021'!A$3:'2.09.2021'!I$202,7,) -> 0.14583333 | H15: =VLOOKUP(A15,'2.09.2021'!A$3:'2.09.2021'!I$202,8,) -> POP | I15: =VLOOKUP(A15,'2.09.2021'!A$3:'2.09.2021'!I$202,9,) -> SUA | J15: =IF(ISNUMBER(SEARCH("with",A15)),"Da","Nu") -> Nu
A16: MONTERO (Call Me By Your Name) | B16: Lil Nas X | C16: 20710480 | D16: =(C16/1000*5) -> 103552.4 | E16: =VLOOKUP(A16,'2.09.2021'!A$3:'2.09.2021'!I$202,5,) -> 44456 | F16: 44455 | G16: =VLOOKUP(A16,'2.09.2021'!A$3:'2.09.2021'!I$202,7,) -> 0.095138889 | H16: =VLOOKUP(A16,'2.09.2021'!A$3:'2.09.2021'!I$202,8,) -> POP | I16: =VLOOKUP(A16,'2.09.2021'!A$3:'2.09.2021'!I$202,9,) -> SUA | J16: =IF(ISNUMBER(SEARCH("with",A16)),"Da","Nu") -> Nu
A17: Kiss Me More (with SZA) | B17: Doja Cat | C17: 20170105 | D17: =(C17/1000*5) -> 100850.52 | E17: =VLOOKUP(A17,'2.09.2021'!A$3:'2.09.2021'!I$202,5,) -> 44295 | F17: 44455 | G17: =VLOOKUP(A17,'2.09.2021'!A$3:'2.09.2021'!I$202,7,) -> 0.14444444 | H17: =VLOOKUP(A17,'2.09.2021'!A$3:'2.09.2021'!I$202,8,) -> POP | I17: =VLOOKUP(A17,'2.09.2021'!A$3:'2.09.2021'!I$202,9,) -> SUA | J17: =IF(ISNUMBER(SEARCH("with",A17)),"Da","Nu") -> Da
A18: Happier Than Ever | B18: Billie Eilish | C18: 19664713 | D18: =(C18/1000*5) -> 98323.565 | E18: =VLOOKUP(A18,'2.09.2021'!A$3:'2.09.2021'!I$202,5,) -> 44407 | F18: 44455 | G18: =VLOOKUP(A18,'2.09.2021'!A$3:'2.09.2021'!I$202,7,) -> 0.20694444 | H18: =VLOOKUP(A18,'2.09.2021'!A$3:'2.09.2021'!I$202,8,) -> ALTERNATIVE | I18: =VLOOKUP(A18,'2.09.2021'!A$3:'2.09.2021'!I$202,9,) -> SUA | J18: =IF(ISNUMBER(SEARCH("with",A18)),"Da","Nu") -> Nu
A19: Hurricane | B19: Kanye West | C19: 19370230 | D19: =(C19/1000*5) -> 96851.15 | E19: =VLOOKUP(A19,'2.09.2021'!A$3:'2.09.2021'!I$202,5,) -> 44416 | F19: 44455 | G19: =VLOOKUP(A19,'2.09.2021'!A$3:'2.09.2021'!I$202,7,) -> 0.16875 | H19: =VLOOKUP(A19,'2.09.2021'!A$3:'2.09.2021'!I$202,8,) -> HIP-HOP/RAP | I19: =VLOOKUP(A19,'2.09.2021'!A$3:'2.09.2021'!I$202,9,) -> SUA | J19: =IF(ISNUMBER(SEARCH("with",A19)),"Da","Nu") -> Nu
A20: LALISA | B20: LISA | C20: 18455241 | D20: =(C20/1000*5) -> 92276.205 | E20: =VLOOKUP(A20,'30.09.2021'!A$3:'30.09.2021'!I$202,5,) -> 44257 | F20: 44455 | G20: =VLOOKUP(A20,'30.09.2021'!A$3:'30.09.2021'!I$202,7,) -> 0.13888889 | H20: =VLOOKUP(A20,'30.09.2021'!A$3:'30.09.2021'!I$202,8,) -> HIP-HOP/RAP | I20: =VLOOKUP(A20,'30.09.2021'!A$3:'30.09.2021'!I$202,9,) -> Tailanda | J20: =IF(ISNUMBER(SEARCH("with",A20)),"Da","Nu") -> Nu
A21: Knife Talk (with 21 Savage ft. Project Pat) | B21: Drake | C21: 18375341 | D21: =(C21/1000*5) -> 91876.705 | E21: =VLOOKUP(A21,'23.09.2021'!A$3:'23.09.2021'!I$202,5,) -> 44460 | F21: 44455 | G21: =VLOOKUP(A21,'23.09.2021'!A$3:'23.09.2021'!I$202,7,) -> 0.16736111 | H21: =VLOOKUP(A21,'23.09.2021'!A$3:'23.09.2021'!I$202,8,) -> HIP-HOP/RAP | I21: =VLOOKUP(A21,'23.09.2021'!A$3:'23.09.2021'!I$202,9,) -> Canada | J21: =IF(ISNUMBER(SEARCH("with",A21)),"Da","Nu") -> Da
A22: Todo De Ti | B22: Rauw Alejandro | C22: 18022876 | D22: =(C22/1000*5) -> 90114.38 | E22: =VLOOKUP(A22,'2.09.2021'!A$3:'2.09.2021'!I$202,5,) -> 44338 | F22: 44455 | G22: =VLOOKUP(A22,'2.09.2021'!A$3:'2.09.2021'!I$202,7,) -> 0.13819444 | H22: =VLOOKUP(A22,'2.09.2021'!A$3:'2.09.2021'!I$202,8,) -> LATIN URBAN | I22: =VLOOKUP(A22,'2.09.2021'!A$3:'2.09.2021'!I$202,9,) -> Puerto Rico | J22: =IF(ISNUMBER(SEARCH("with",A22)),"Da","Nu") -> Nu
A23: Yonaguni | B23: Bad Bunny | C23: 17195763 | D23: =(C23/1000*5) -> 85978.815 | E23: =VLOOKUP(A23,'2.09.2021'!A$3:'2.09.2021'!I$202,5,) -> 44351 | F23: 44455 | G23: =VLOOKUP(A23,'2.09.2021'!A$3:'2.09.2021'!I$202,7,) -> 0.14305556 | H23: =VLOOKUP(A23,'2.09.2021'!A$3:'2.09.2021'!I$202,8,) -> LATIN URBAN | I23: =VLOOKUP(A23,'2.09.2021'!A$3:'2.09.2021'!I$202,9,) -> Puerto Rico | J23: =IF(ISNUMBER(SEARCH("with",A23)),"Da","Nu") -> Nu
A24: Volví | B24: Aventura | C24: 16342344 | D24: =(C24/1000*5) -> 81711.72 | E24: =VLOOKUP(A24,'2.09.2021'!A$3:'2.09.2021'!I$202,5,) -> 44411 | F24: 44455 | G24: =VLOOKUP(A24,'2.09.2021'!A$3:'2.09.2021'!I$202,7,) -> 0.15972222 | H24: =VLOOKUP(A24,'2.09.2021'!A$3:'2.09.2021'!I$202,8,) -> LATIN URBAN | I24: =VLOOKUP(A24,'2.09.2021'!A$3:'2.09.2021'!I$202,9,) -> Republica Dominicană | J24: =IF(ISNUMBER(SEARCH("with",A24)),"Da","Nu") -> Nu
A25: In Da Getto | B25: J Balvin | C25: 15971386 | D25: =(C25/1000*5) -> 79856.93 | E25: =VLOOKUP(A25,'2.09.2021'!A$3:'2.09.2021'!I$202,5,) -> 44379 | F25: 44455 | G25: =VLOOKUP(A25,'2.09.2021'!A$3:'2.09.2021'!I$202,7,) -> 0.090277778 | H25: =VLOOKUP(A25,'2.09.2021'!A$3:'2.09.2021'!I$202,8,) -> LATIN URBAN | I25: =VLOOKUP(A25,'2.09.2021'!A$3:'2.09.2021'!I$202,9,) -> Columbia | J25: =IF(ISNUMBER(SEARCH("with",A25)),"Da","Nu") -> Nu
A26: Qué Más Pues? | B26: J Balvin | C26: 15384428 | D26: =(C26/1000*5) -> 76922.14 | E26: =VLOOKUP(A26,'2.09.2021'!A$3:'2.09.2021'!I$202,5,) -> 44344 | F26: 44455 | G26: =VLOOKUP(A26,'2.09.2021'!A$3:'2.09.2021'!I$202,7,) -> 0.15069444 | H26: =VLOOKUP(A26,'2.09.2021'!A$3:'2.09.2021'!I$202,8,) -> LATIN URBAN | I26: =VLOOKUP(A26,'2.09.2021'!A$3:'2.09.2021'!I$202,9,) -> Columbia | J26: =IF(ISNUMBER(SEARCH("with",A26)),"Da","Nu") -> Nu
A27: Levitating (with DaBaby) | B27: Dua Lipa | C27: 15279109 | D27: =(C27/1000*5) -> 76395.545 | E27: =VLOOKUP(A27,'2.09.2021'!A$3:'2.09.2021'!I$202,5,) -> 43917 | F27: 44455 | G27: =VLOOKUP(A27,'2.09.2021'!A$3:'2.09.2021'!I$202,7,) -> 0.14097222 | H27: =VLOOKUP(A27,'2.09.2021'!A$3:'2.09.2021'!I$202,8,) -> POP | I27: =VLOOKUP(A27,'2.09.2021'!A$3:'2.09.2021'!I$202,9,) -> Marea Britanie | J27: =IF(ISNUMBER(SEARCH("with",A27)),"Da","Nu") -> Da
A28: traitor | B28: Olivia Rodrigo | C28: 14922433 | D28: =(C28/1000*5) -> 74612.165 | E28: =VLOOKUP(A28,'2.09.2021'!A$3:'2.09.2021'!I$202,5,) -> 44337 | F28: 44455 | G28: =VLOOKUP(A28,'2.09.2021'!A$3:'2.09.2021'!I$202,7,) -> 0.15902778 | H28: =VLOOKUP(A28,'2.09.2021'!A$3:'2.09.2021'!I$202,8,) -> POP | I28: =VLOOKUP(A28,'2.09.2021'!A$3:'2.09.2021'!I$202,9,) -> SUA | J28: =IF(ISNUMBER(SEARCH("with",A28)),"Da","Nu") -> Nu
A29: Cold Heart - PNAU Remix | B29: Elton John | C29: 14689417 | D29: =(C29/1000*5) -> 73447.085 | E29: =VLOOKUP(A29,'2.09.2021'!A$3:'2.09.2021'!I$202,5,) -> 44421 | F29: 44455 | G29: =VLOOKUP(A29,'2.09.2021'!A$3:'2.09.2021'!I$202,7,) -> 0.14027778 | H29: =VLOOKUP(A29,'2.09.2021'!A$3:'2.09.2021'!I$202,8,) -> POP | I29: =VLOOKUP(A29,'2.09.2021'!A$3:'2.09.2021'!I$202,9,) -> Marea Britanie | J29: =IF(ISNUMBER(SEARCH("with",A29)),"Da","Nu") -> Nu
A30: Peaches (with Daniel Caesar & Giveon) | B30: Justin Bieber | C30: 14439357 | D30: =(C30/1000*5) -> 72196.785 | E30: =VLOOKUP(A30,'2.09.2021'!A$3:'2.09.2021'!I$202,5,) -> 44274 | F30: 44455 | G30: =VLOOKUP(A30,'2.09.2021'!A$3:'2.09.2021'!I$202,7,) -> 0.1375 | H30: =VLOOKUP(A30,'2.09.2021'!A$3:'2.09.2021'!I$202,8,) -> POP | I30: =VLOOKUP(A30,'2.09.2021'!A$3:'2.09.2021'!I$202,9,) -> Canada | J30: =IF(ISNUMBER(SEARCH("with",A30)),"Da","Nu") -> Da
A31: Take My Breath | B31: The Weeknd | C31: 14287625 | D31: =(C31/1000*5) -> 71438.125 | E31: =VLOOKUP(A31,'2.09.2021'!A$3:'2.09.2021'!I$202,5,) -> 44414 | F31: 44455 | G31: =VLOOKUP(A31,'2.09.2021'!A$3:'2.09.2021'!I$202,7,) -> 0.15277778 | H31: =VLOOKUP(A31,'2.09.2021'!A$3:'2.09.2021'!I$202,8,) -> R&B/SOUL | I31: =VLOOKUP(A31,'2.09.2021'!A$3:'2.09.2021'!I$202,9,) -> Canada | J31: =IF(ISNUMBER(SEARCH("with",A31)),"Da","Nu") -> Nu
A32: family ties (with Kendrick Lamar) | B32: Baby Keem | C32: 14079036 | D32: =(C32/1000*5) -> 70395.18 | E32: =VLOOKUP(A32,'2.09.2021'!A$3:'2.09.2021'!I$202,5,) -> 44435 | F32: 44455 | G32: =VLOOKUP(A32,'2.09.2021'!A$3:'2.09.2021'!I$202,7,) -> 0.175 | H32: =VLOOKUP(A32,'2.09.2021'!A$3:'2.09.2021'!I$202,8,) -> HIP-HOP/RAP | I32: =VLOOKUP(A32,'2.09.2021'!A$3:'2.09.2021'!I$202,9,) -> SUA | J32: =IF(ISNUMBER(SEARCH("with",A32)),"Da","Nu") -> Da
A33: I WANNA BE YOUR SLAVE | B33: Måneskin | C33: 14073872 | D33: =(C33/1000*5) -> 70369.36 | E33: =VLOOKUP(A33,'2.09.2021'!A$3:'2.09.2021'!I$202,5,) -> 44274 | F33: 44455 | G33: =VLOOKUP(A33,'2.09.2021'!A$3:'2.09.2021'!I$202,7,) -> 0.12013889 | H33: =VLOOKUP(A33,'2.09.2021'!A$3:'2.09.2021'!I$202,8,) -> ROCK | I33: =VLOOKUP(A33,'2.09.2021'!A$3:'2.09.2021'!I$202,9,) -> Italia | J33: =IF(ISNUMBER(SEARCH("with",A33)),"Da","Nu") -> Nu
A34: Life Goes On | B34: Oliver Tree | C34: 13828796 | D34: =(C34/1000*5) -> 69143.98 | E34: =VLOOKUP(A34,'23.09.2021'!A$3:'23.09.2021'!I$202,5,) -> 44460 | F34: 44455 | G34: =VLOOKUP(A34,'23.09.2021'!A$3:'23.09.2021'!I$202,7,) -> 0.13958333 | H34: =VLOOKUP(A34,'23.09.2021'!A$3:'23.09.2021'!I$202,8,) -> POP | I34: =VLOOKUP(A34,'23.09.2021'!A$3:'23.09.2021'!I$202,9,) -> SUA | J34: =IF(ISNUMBER(SEARCH("with",A34)),"Da","Nu") -> Nu
A35: Champagne Poetry | B35: Drake | C35: 13239717 | D35: =(C35/1000*5) -> 66198.585 | E35: =VLOOKUP(A35,'23.09.2021'!A$3:'23.09.2021'!I$202,5,) -> 44460 | F35: 44455 | G35: =VLOOKUP(A35,'23.09.2021'!A$3:'23.09.2021'!I$202,7,) -> 0.16388889 | H35: =VLOOKUP(A35,'23.09.2021'!A$3:'23.09.2021'!I$202,8,) -> HIP-HOP/RAP | I35: =VLOOKUP(A35,'23.09.2021'!A$3:'23.09.2021'!I$202,9,) -> Canada | J35: =IF(ISNUMBER(SEARCH("with",A35)),"Da","Nu") -> Nu
A36: Blinding Lights | B36: The Weeknd | C36: 13064129 | D36: =(C36/1000*5) -> 65320.645 | E36: =VLOOKUP(A36,'2.09.2021'!A$3:'2.09.2021'!I$202,5,) -> 43798 | F36: 44455 | G36: =VLOOKUP(A36,'2.09.2021'!A$3:'2.09.2021'!I$202,7,) -> 0.13958333 | H36: =VLOOKUP(A36,'2.09.2021'!A$3:'2.09.2021'!I$202,8,) -> R&B/SOUL | I36: =VLOOKUP(A36,'2.09.2021'!A$3:'2.09.2021'!I$202,9,) -> Canada | J36: =IF(ISNUMBER(SEARCH("with",A36)),"Da","Nu") -> Nu
A37: Save Your Tears (with Ariana Grande) (Remix) | B37: The Weeknd | C37: 12574176 | D37: =(C37/1000*5) -> 62870.88 | E37: =VLOOKUP(A37,'2.09.2021'!A$3:'2.09.2021'!I$202,5,) -> 43910 | F37: 44455 | G37: =VLOOKUP(A37,'2.09.2021'!A$3:'2.09.2021'!I$202,7,) -> 0.14930556 | H37: =VLOOKUP(A37,'2.09.2021'!A$3:'2.09.2021'!I$202,8,) -> R&B/SOUL | I37: =VLOOKUP(A37,'2.09.2021'!A$3:'2.09.2021'!I$202,9,) -> Canada | J37: =IF(ISNUMBER(SEARCH("with",A37)),"Da","Nu") -> Da
A38: Get Into It (Yuh) | B38: Doja Cat | C38: 12006248 | D38: =(C38/1000*5) -> 60031.24 | E38: =VLOOKUP(A38,'2.09.2021'!A$3:'2.09.2021'!I$202,5,) -> 44372 | F38: 44455 | G38: =VLOOKUP(A38,'2.09.2021'!A$3:'2.09.2021'!I$202,7,) -> 0.095833333 | H38: =VLOOKUP(A38,'2.09.2021'!A$3:'2.09.2021'!I$202,8,) -> POP | I38: =VLOOKUP(A38,'2.09.2021'!A$3:'2.09.2021'!I$202,9,) -> SUA | J38: =IF(ISNUMBER(SEARCH("with",A38)),"Da","Nu") -> Nu
A39: PariÌs | B39: Ingratax | C39: 11940428 | D39: =(C39/1000*5) -> 59702.14 | E39: =VLOOKUP(A39,'23.09.2021'!A$3:'23.09.2021'!I$202,5,) -> 44460 | F39: 44455 | G39: =VLOOKUP(A39,'23.09.2021'!A$3:'23.09.2021'!I$202,7,) -> 0.13125 | H39: =VLOOKUP(A39,'23.09.2021'!A$3:'23.09.2021'!I$202,8,) -> ALTERNATIVE | I39: =VLOOKUP(A39,'23.09.2021'!A$3:'23.09.2021'!I$202,9,) -> Panama | J39: =IF(ISNUMBER(SEARCH("with",A39)),"Da","Nu") -> Nu
A40: 2055 | B40: Sleepy Hallow | C40: 11928780 | D40: =(C40/1000*5) -> 59643.9 | E40: =VLOOKUP(A40,'2.09.2021'!A$3:'2.09.2021'!I$202,5,) -> 44300 | F40: 44455 | G40: =VLOOKUP(A40,'2.09.2021'!A$3:'2.09.2021'!I$202,7,) -> 0.085416667 | H40: =VLOOKUP(A40,'2.09.2021'!A$3:'2.09.2021'!I$202,8,) -> HIP-HOP/RAP | I40: =VLOOKUP(A40,'2.09.2021'!A$3:'2.09.2021'!I$202,9,) -> Jamaica | J40: =IF(ISNUMBER(SEARCH("with",A40)),"Da","Nu") -> Nu
A41: drivers license | B41: Olivia Rodrigo | C41: 11772296 | D41: =(C41/1000*5) -> 58861.48 | E41: =VLOOKUP(A41,'2.09.2021'!A$3:'2.09.2021'!I$202,5,) -> 44204 | F41: 44455 | G41: =VLOOKUP(A41,'2.09.2021'!A$3:'2.09.2021'!I$202,7,) -> 0.16805556 | H41: =VLOOKUP(A41,'2.09.2021'!A$3:'2.09.2021'!I$202,8,) -> POP | I41: =VLOOKUP(A41,'2.09.2021'!A$3:'2.09.2021'!I$202,9,) -> SUA | J41: =IF(ISNUMBER(SEARCH("with",A41)),"Da","Nu") -> Nu
A42: Volando - Remix | B42: Mora | C42: 11318170 | D42: =(C42/1000*5) -> 56590.85 | E42: =VLOOKUP(A42,'2.09.2021'!A$3:'2.09.2021'!I$202,5,) -> 44385 | F42: 44455 | G42: =VLOOKUP(A42,'2.09.2021'!A$3:'2.09.2021'!I$202,7,) -> 0.18958333 | H42: =VLOOKUP(A42,'2.09.2021'!A$3:'2.09.2021'!I$202,8,) -> LATIN | I42: =VLOOKUP(A42,'2.09.2021'!A$3:'2.09.2021'!I$202,9,) -> Puerto Rico | J42: =IF(ISNUMBER(SEARCH("with",A42)),"Da","Nu") -> Nu
A43: deja vu | B43: Olivia Rodrigo | C43: 11239468 | D43: =(C43/1000*5) -> 56197.34 | E43: =VLOOKUP(A43,'2.09.2021'!A$3:'2.09.2021'!I$202,5,) -> 44337 | F43: 44455 | G43: =VLOOKUP(A43,'2.09.2021'!A$3:'2.09.2021'!I$202,7,) -> 0.14930556 | H43: =VLOOKUP(A43,'2.09.2021'!A$3:'2.09.2021'!I$202,8,) -> POP | I43: =VLOOKUP(A43,'2.09.2021'!A$3:'2.09.2021'!I$202,9,) -> SUA | J43: =IF(ISNUMBER(SEARCH("with",A43)),"Da","Nu") -> Nu
A44: AM Remix | B44: Nio Garcia | C44: 11223289 | D44: =(C44/1000*5) -> 56116.445 | E44: =VLOOKUP(A44,'2.09.2021'!A$3:'2.09.2021'!I$202,5,) -> 44371 | F44: 44455 | G44: =VLOOKUP(A44,'2.09.2021'!A$3:'2.09.2021'!I$202,7,) -> 0.18125 | H44: =VLOOKUP(A44,'2.09.2021'!A$3:'2.09.2021'!I$202,8,) -> LATIN URBAN | I44: =VLOOKUP(A44,'2.09.2021'!A$3:'2.09.2021'!I$202,9,) -> Puerto Rico | J44: =IF(ISNUMBER(SEARCH("with",A44)),"Da","Nu") -> Nu
A45: Cúrame | B45: Rauw Alejandro | C45: 10920030 | D45: =(C45/1000*5) -> 54600.15 | E45: =VLOOKUP(A45,'2.09.2021'!A$3:'2.09.2021'!I$202,5,) -> 44372 | F45: 44455 | G45: =VLOOKUP(A45,'2.09.2021'!A$3:'2.09.2021'!I$202,7,) -> 0.11388889 | H45: =VLOOKUP(A45,'2.09.2021'!A$3:'2.09.2021'!I$202,8,) -> LATIN URBAN | I45: =VLOOKUP(A45,'2.09.2021'!A$3:'2.09.2021'!I$202,9,) -> Puerto Rico | J45: =IF(ISNUMBER(SEARCH("with",A45)),"Da","Nu") -> Nu
A46: Don't Be Shy | B46: TiÃ«sto | C46: 10784250 | D46: =(C46/1000*5) -> 53921.25 | E46: =VLOOKUP(A46,'2.09.2021'!A$3:'2.09.2021'!I$202,5,) -> 44320 | F46: 44455 | G46: =VLOOKUP(A46,'2.09.2021'!A$3:'2.09.2021'!I$202,7,) -> 0.14097222 | H46: =VLOOKUP(A46,'2.09.2021'!A$3:'2.09.2021'!I$202,8,) -> R&B/SOUL | I46: =VLOOKUP(A46,'2.09.2021'!A$3:'2.09.2021'!I$202,9,) -> Olanda | J46: =IF(ISNUMBER(SEARCH("with",A46)),"Da","Nu") -> Nu
A47: Butter | B47: BTS | C47: 10746280 | D47: =(C47/1000*5) -> 53731.4 | E47: =VLOOKUP(A47,'2.09.2021'!A$3:'2.09.2021'!I$202,5,) -> 44337 | F47: 44455 | G47: =VLOOKUP(A47,'2.09.2021'!A$3:'2.09.2021'!I$202,7,) -> 0.11388889 | H47: =VLOOKUP(A47,'2.09.2021'!A$3:'2.09.2021'!I$202,8,) -> K-POP | I47: =VLOOKUP(A47,'2.09.2021'!A$3:'2.09.2021'!I$202,9,) -> Korea de Sud | J47: =IF(ISNUMBER(SEARCH("with",A47)),"Da","Nu") -> Nu
A48: Sobrio | B48: Maluma | C48: 10575749 | D48: =(C48/1000*5) -> 52878.745 | E48: =VLOOKUP(A48,'2.09.2021'!A$3:'2.09.2021'!I$202,5,) -> 44385 | F48: 44455 | G48: =VLOOKUP(A48,'2.09.2021'!A$3:'2.09.2021'!I$202,7,) -> 0.13958333 | H48: =VLOOKUP(A48,'2.09.2021'!A$3:'2.09.2021'!I$202,8,) -> LATIN URBAN | I48: =VLOOKUP(A48,'2.09.2021'!A$3:'2.09.2021'!I$202,9,) -> Columbia | J48: =IF(ISNUMBER(SEARCH("with",A48)),"Da","Nu") -> Nu
A49: Meet Me At Our Spot | B49: THE ANXIETY | C49: 10568134 | D49: =(C49/1000*5) -> 52840.67 | E49: =VLOOKUP(A49,'23.09.2021'!A$3:'23.09.2021'!I$202,5,) -> 44305 | F49: 44455 | G49: =VLOOKUP(A49,'23.09.2021'!A$3:'23.09.2021'!I$202,7,) -> 0.12638889 | H49: =VLOOKUP(A49,'23.09.2021'!A$3:'23.09.2021'!I$202,8,) -> HIP-HOP/RAP | I49: =VLOOKUP(A49,'23.09.2021'!A$3:'23.09.2021'!I$202,9,) -> SUA | J49: =IF(ISNUMBER(SEARCH("with",A49)),"Da","Nu") -> Nu
A50: Moon | B50: Kanye West | C50: 10483865 | D50: =(C50/1000*5) -> 52419.325 | E50: =VLOOKUP(A50,'2.09.2021'!A$3:'2.09.2021'!I$202,5,) -> 44437 | F50: 44455 | G50: =VLOOKUP(A50,'2.09.2021'!A$3:'2.09.2021'!I$202,7,) -> 0.10833333 | H50: =VLOOKUP(A50,'2.09.2021'!A$3:'2.09.2021'!I$202,8,) -> HIP-HOP/RAP | I50: =VLOOKUP(A50,'2.09.2021'!A$3:'2.09.2021'!I$202,9,) -> SUA | J50: =IF(ISNUMBER(SEARCH("with",A50)),"Da","Nu") -> Nu
A51: Ley Seca | B51: Jhay Cortez | C51: 10423194 | D51: =(C51/1000*5) -> 52115.97 | E51: =VLOOKUP(A51,'23.09.2021'!A$3:'23.09.2021'!I$202,5,) -> 44290 | F51: 44455 | G51: =VLOOKUP(A51,'23.09.2021'!A$3:'23.09.2021'!I$202,7,) -> 0.20555556 | H51: =VLOOKUP(B51,'23.09.2021'!B$3:'23.09.2021'!J$202,7,) -> LATIN URBAN | I51: Columbia | J51: =IF(ISNUMBER(SEARCH("with",A51)),"Da","Nu") -> Nu
A52: Una Nota | B52: J Balvin | C52: 10060200 | D52: =(C52/1000*5) -> 50301 | E52: =VLOOKUP(A52,'30.09.2021'!A$3:'30.09.2021'!I$202,5,) -> 44229 | F52: 44455 | G52: =VLOOKUP(A52,'30.09.2021'!A$3:'30.09.2021'!I$202,7,) -> 0.10555556 | H52: =VLOOKUP(B52,'23.09.2021'!B$3:'23.09.2021'!J$202,7,) -> LATIN URBAN | I52: Puerto Rico | J52: =IF(ISNUMBER(SEARCH("with",A52)),"Da","Nu") -> Nu
A53: No Friends In The Industry | B53: Drake | C53: 10034595 | D53: =(C53/1000*5) -> 50172.975 | E53: =VLOOKUP(A53,'23.09.2021'!A$3:'23.09.2021'!I$202,5,) -> 44460 | F53: 44455 | G53: =VLOOKUP(A53,'23.09.2021'!A$3:'23.09.2021'!I$202,7,) -> 0.12847222 | H53: HIP-HOP/RAP | I53: Canada | J53: =IF(ISNUMBER(SEARCH("with",A53)),"Da","Nu") -> Nu
A54: Entre Nosotros | B54: Tiago PZK | C54: 10033710 | D54: =(C54/1000*5) -> 50168.55 | E54: =VLOOKUP(A54,'2.09.2021'!A$3:'2.09.2021'!I$202,5,) -> 44386 | F54: 44455 | G54: =VLOOKUP(A54,'2.09.2021'!A$3:'2.09.2021'!I$202,7,) -> 0.13333333 | H54: =VLOOKUP(A54,'2.09.2021'!A$3:'2.09.2021'!I$202,8,) -> RHYTHM & BLUES | I54: =VLOOKUP(A54,'2.09.2021'!A$3:'2.09.2021'!I$202,9,) -> Argentina | J54: =IF(ISNUMBER(SEARCH("with",A54)),"Da","Nu") -> Nu
A55: Watermelon Sugar | B55: Harry Styles | C55: 9959249 | D55: =(C55/1000*5) -> 49796.245 | E55: =VLOOKUP(A55,'2.09.2021'!A$3:'2.09.2021'!I$202,5,) -> 43812 | F55: 44455 | G55: =VLOOKUP(A55,'2.09.2021'!A$3:'2.09.2021'!I$202,7,) -> 0.12013889 | H55: =VLOOKUP(A55,'2.09.2021'!A$3:'2.09.2021'!I$202,8,) -> POP | I55: =VLOOKUP(A55,'2.09.2021'!A$3:'2.09.2021'!I$202,9,) -> Marea Britanie | J55: =IF(ISNUMBER(SEARCH("with",A55)),"Da","Nu") -> Nu
A56: Off The Grid | B56: Kanye West | C56: 9867544 | D56: =(C56/1000*5) -> 49337.72 | E56: =VLOOKUP(A56,'2.09.2021'!A$3:'2.09.2021'!I$202,5,) -> 44437 | F56: 44455 | G56: =VLOOKUP(A56,'2.09.2021'!A$3:'2.09.2021'!I$202,7,) -> 0.23541667 | H56: =VLOOKUP(A56,'2.09.2021'!A$3:'2.09.2021'!I$202,8,) -> HIP-HOP/RAP | I56: =VLOOKUP(A56,'2.09.2021'!A$3:'2.09.2021'!I$202,9,) -> SUA | J56: =IF(ISNUMBER(SEARCH("with",A56)),"Da","Nu") -> Nu
A57: MONEY | B57: LISA | C57: 9574461 | D57: =(C57/1000*5) -> 47872.305 | E57: =VLOOKUP(A57,'30.09.2021'!A$3:'30.09.2021'!I$202,5,) -> 44445 | F57: 44455 | G57: =VLOOKUP(A57,'30.09.2021'!A$3:'30.09.2021'!I$202,7,) -> 0.098611111 | H57: =VLOOKUP(A57,'30.09.2021'!A$3:'30.09.2021'!I$202,8,) -> POP | I57: =VLOOKUP(A57,'30.09.2021'!A$3:'30.09.2021'!I$202,9,) -> Canada | J57: =IF(ISNUMBER(SEARCH("with",A57)),"Da","Nu") -> Nu
A58: Leave The Door Open | B58: Bruno Mars | C58: 9556410 | D58: =(C58/1000*5) -> 47782.05 | E58: =VLOOKUP(A58,'2.09.2021'!A$3:'2.09.2021'!I$202,5,) -> 44260 | F58: 44455 | G58: =VLOOKUP(A58,'2.09.2021'!A$3:'2.09.2021'!I$202,7,) -> 0.16805556 | H58: =VLOOKUP(A58,'2.09.2021'!A$3:'2.09.2021'!I$202,8,) -> R&B/SOUL | I58: =VLOOKUP(A58,'2.09.2021'!A$3:'2.09.2021'!I$202,9,) -> Puerto Rico | J58: =IF(ISNUMBER(SEARCH("with",A58)),"Da","Nu") -> Nu
A59: Don't Go Yet | B59: Camila Cabello | C59: 9494671 | D59: =(C59/1000*5) -> 47473.355 | E59: =VLOOKUP(A59,'2.09.2021'!A$3:'2.09.2021'!I$202,5,) -> 44400 | F59: 44455 | G59: =VLOOKUP(A59,'2.09.2021'!A$3:'2.09.2021'!I$202,7,) -> 0.11388889 | H59: =VLOOKUP(A59,'2.09.2021'!A$3:'2.09.2021'!I$202,8,) -> POP | I59: =VLOOKUP(A59,'2.09.2021'!A$3:'2.09.2021'!I$202,9,) -> Cuba | J59: =IF(ISNUMBER(SEARCH("with",A59)),"Da","Nu") -> Nu
A60: Like I Can | B60: Sam Smith | C60: 9402105 | D60: =(C60/1000*5) -> 47010.525 | E60: =VLOOKUP(A60,'2.09.2021'!A$3:'2.09.2021'!I$202,5,) -> 44276 | F60: 44455 | G60: =VLOOKUP(A60,'2.09.2021'!A$3:'2.09.2021'!I$202,7,) -> 0.175 | H60: =VLOOKUP(A60,'2.09.2021'!A$3:'2.09.2021'!I$202,8,) -> POP | I60: =VLOOKUP(A60,'2.09.2021'!A$3:'2.09.2021'!I$202,9,) -> Marea Britanie | J60: =IF(ISNUMBER(SEARCH("with",A60)),"Da","Nu") -> Nu
A61: happier | B61: Olivia Rodrigo | C61: 9335437 | D61: =(C61/1000*5) -> 46677.185 | E61: =VLOOKUP(A61,'2.09.2021'!A$3:'2.09.2021'!I$202,5,) -> 44337 | F61: 44455 | G61: =VLOOKUP(A61,'2.09.2021'!A$3:'2.09.2021'!I$202,7,) -> 0.12152778 | H61: =VLOOKUP(A61,'2.09.2021'!A$3:'2.09.2021'!I$202,8,) -> POP | I61: =VLOOKUP(A61,'2.09.2021'!A$3:'2.09.2021'!I$202,9,) -> SUA | J61: =IF(ISNUMBER(SEARCH("with",A61)),"Da","Nu") -> Nu
A62: Dákiti | B62: Bad Bunny | C62: 9212447 | D62: =(C62/1000*5) -> 46062.235 | E62: =VLOOKUP(A62,'2.09.2021'!A$3:'2.09.2021'!I$202,5,) -> 44134 | F62: 44455 | G62: =VLOOKUP(A62,'2.09.2021'!A$3:'2.09.2021'!I$202,7,) -> 0.14236111 | H62: =VLOOKUP(A62,'2.09.2021'!A$3:'2.09.2021'!I$202,8,) -> LATIN | I62: =VLOOKUP(A62,'2.09.2021'!A$3:'2.09.2021'!I$202,9,) -> Puerto Rico | J62: =IF(ISNUMBER(SEARCH("with",A62)),"Da","Nu") -> Nu
A63: TSU | B63: Drake | C63: 9123400 | D63: =(C63/1000*5) -> 45617 | E63: =VLOOKUP(A63,'23.09.2021'!A$3:'23.09.2021'!I$202,5,) -> 44460 | F63: 44455 | G63: =VLOOKUP(A63,'23.09.2021'!A$3:'23.09.2021'!I$202,7,) -> 0.13958333 | H63: =VLOOKUP(B63,'23.09.2021'!B$3:'23.09.2021'!J$202,7,) -> hIP-HOP/RAP | I63: Canada | J63: =IF(ISNUMBER(SEARCH("with",A63)),"Da","Nu") -> Nu
A64: Love Tonight - Edit | B64: Shouse | C64: 9105727 | D64: =(C64/1000*5) -> 45528.635 | E64: =VLOOKUP(A64,'2.09.2021'!A$3:'2.09.2021'!I$202,5,) -> 43083 | F64: 44455 | G64: =VLOOKUP(A64,'2.09.2021'!A$3:'2.09.2021'!I$202,7,) -> 0.16736111 | H64: =VLOOKUP(A64,'2.09.2021'!A$3:'2.09.2021'!I$202,8,) -> ELECTRONIC | I64: =VLOOKUP(A64,'2.09.2021'!A$3:'2.09.2021'!I$202,9,) -> Australia | J64: =IF(ISNUMBER(SEARCH("with",A64)),"Da","Nu") -> Nu
A65: OUT OUT (with Charli XCX & Saweetie) | B65: Joel Corry | C65: 9098393 | D65: =(C65/1000*5) -> 45491.965 | E65: =VLOOKUP(A65,'2.09.2021'!A$3:'2.09.2021'!I$202,5,) -> 44370 | F65: 44455 | G65: =VLOOKUP(A65,'2.09.2021'!A$3:'2.09.2021'!I$202,7,) -> 0.18125 | H65: =VLOOKUP(A65,'2.09.2021'!A$3:'2.09.2021'!I$202,8,) -> ROCK | I65: =VLOOKUP(A65,'2.09.2021'!A$3:'2.09.2021'!I$202,9,) -> Marea Britanie | J65: =IF(ISNUMBER(SEARCH("with",A65)),"Da","Nu") -> Da
A66: Permission to Dance | B66: BTS | C66: 9059053 | D66: =(C66/1000*5) -> 45295.265 | E66: =VLOOKUP(A66,'2.09.2021'!A$3:'2.09.2021'!I$202,5,) -> 44386 | F66: 44455 | G66: =VLOOKUP(A66,'2.09.2021'!A$3:'2.09.2021'!I$202,7,) -> 0.12986111 | H66: =VLOOKUP(A66,'2.09.2021'!A$3:'2.09.2021'!I$202,8,) -> K-POP | I66: =VLOOKUP(A66,'2.09.2021'!A$3:'2.09.2021'!I$202,9,) -> Korea de Sud | J66: =IF(ISNUMBER(SEARCH("with",A66)),"Da","Nu") -> Nu
A67: Mood (with iann dior) | B67: 24kGoldn | C67: 9054989 | D67: =(C67/1000*5) -> 45274.945 | E67: =VLOOKUP(A67,'2.09.2021'!A$3:'2.09.2021'!I$202,5,) -> 44336 | F67: 44455 | G67: =VLOOKUP(A67,'2.09.2021'!A$3:'2.09.2021'!I$202,7,) -> 0.095138889 | H67: =VLOOKUP(A67,'2.09.2021'!A$3:'2.09.2021'!I$202,8,) -> HIP-HOP/RAP | I67: =VLOOKUP(A67,'2.09.2021'!A$3:'2.09.2021'!I$202,9,) -> SUA | J67: =IF(ISNUMBER(SEARCH("with",A67)),"Da","Nu") -> Da
A68: Dark Red | B68: Steve Lacy | C68: 8930762 | D68: =(C68/1000*5) -> 44653.81 | E68: =VLOOKUP(A68,'2.09.2021'!A$3:'2.09.2021'!I$202,5,) -> 44306 | F68: 44455 | G68: =VLOOKUP(A68,'2.09.2021'!A$3:'2.09.2021'!I$202,7,) -> 0.15347222 | H68: =VLOOKUP(A68,'2.09.2021'!A$3:'2.09.2021'!I$202,8,) -> DANCE | I68: =VLOOKUP(A68,'2.09.2021'!A$3:'2.09.2021'!I$202,9,) -> SUA | J68: =IF(ISNUMBER(SEARCH("with",A68)),"Da","Nu") -> Nu
A69: Ain't Shit | B69: Doja Cat | C69: 8916313 | D69: =(C69/1000*5) -> 44581.565 | E69: =VLOOKUP(A69,'2.09.2021'!A$3:'2.09.2021'!I$202,5,) -> 44372 | F69: 44455 | G69: =VLOOKUP(A69,'2.09.2021'!A$3:'2.09.2021'!I$202,7,) -> 0.12083333 | H69: =VLOOKUP(A69,'2.09.2021'!A$3:'2.09.2021'!I$202,8,) -> POP | I69: =VLOOKUP(A69,'2.09.2021'!A$3:'2.09.2021'!I$202,9,) -> SUA | J69: =IF(ISNUMBER(SEARCH("with",A69)),"Da","Nu") -> Nu
A70: Sweater Weather | B70: The Neighbourhood | C70: 8791698 | D70: =(C70/1000*5) -> 43958.49 | E70: =VLOOKUP(A70,'2.09.2021'!A$3:'2.09.2021'!I$202,5,) -> 44230 | F70: 44455 | G70: =VLOOKUP(A70,'2.09.2021'!A$3:'2.09.2021'!I$202,7,) -> 0.095833333 | H70: =VLOOKUP(A70,'2.09.2021'!A$3:'2.09.2021'!I$202,8,) -> R&B/SOUL | I70: =VLOOKUP(A70,'2.09.2021'!A$3:'2.09.2021'!I$202,9,) -> SUA | J70: =IF(ISNUMBER(SEARCH("with",A70)),"Da","Nu") -> Nu
A71: Miénteme | B71: TINI | C71: 8661757 | D71: =(C71/1000*5) -> 43308.785 | E71: =VLOOKUP(A71,'2.09.2021'!A$3:'2.09.2021'!I$202,5,) -> 44317 | F71: 44455 | G71: =VLOOKUP(A71,'2.09.2021'!A$3:'2.09.2021'!I$202,7,) -> 0.11458333 | H71: =VLOOKUP(A71,'2.09.2021'!A$3:'2.09.2021'!I$202,8,) -> LATIN URBAN | I71: =VLOOKUP(A71,'2.09.2021'!A$3:'2.09.2021'!I$202,9,) -> Argentina | J71: =IF(ISNUMBER(SEARCH("with",A71)),"Da","Nu") -> Nu
A72: Pareja Del AÃ±o | B72: Sebastian Yatra | C72: 8659515 | D72: =(C72/1000*5) -> 43297.575 | E72: =VLOOKUP(A72,'2.09.2021'!A$3:'2.09.2021'!I$202,5,) -> 44238 | F72: 44455 | G72: =VLOOKUP(A72,'2.09.2021'!A$3:'2.09.2021'!I$202,7,) -> 0.20625 | H72: =VLOOKUP(A72,'2.09.2021'!A$3:'2.09.2021'!I$202,8,) -> LATIN URBAN | I72: =VLOOKUP(A72,'2.09.2021'!A$3:'2.09.2021'!I$202,9,) -> Columbia | J72: =IF(ISNUMBER(SEARCH("with",A72)),"Da","Nu") -> Nu
A73: Friday (with Mufasa & Hypeman) - Dopamine Re-Edit | B73: Riton | C73: 8652845 | D73: =(C73/1000*5) -> 43264.225 | E73: =VLOOKUP(A73,'2.09.2021'!A$3:'2.09.2021'!I$202,5,) -> 44211 | F73: 44455 | G73: =VLOOKUP(A73,'2.09.2021'!A$3:'2.09.2021'!I$202,7,) -> 0.11736111 | H73: =VLOOKUP(A73,'2.09.2021'!A$3:'2.09.2021'!I$202,8,) -> DANCE | I73: =VLOOKUP(A73,'2.09.2021'!A$3:'2.09.2021'!I$202,9,) -> Marea Britanie | J73: =IF(ISNUMBER(SEARCH("with",A73)),"Da","Nu") -> Da
A74: Papiâ€™s Home | B74: Drake | C74: 8522529 | D74: =(C74/1000*5) -> 42612.645 | E74: =VLOOKUP(A74,'23.09.2021'!A$3:'23.09.2021'!I$202,5,) -> 44460 | F74: 44455 | G74: =VLOOKUP(A74,'23.09.2021'!A$3:'23.09.2021'!I$202,7,) -> 0.14305556 | H74: =VLOOKUP(B74,'23.09.2021'!B$3:'23.09.2021'!J$202,7,) -> hIP-HOP/RAP | I74: Canada | J74: =IF(ISNUMBER(SEARCH("with",A74)),"Da","Nu") -> Nu
A75: Freaks | B75: Surf Curse | C75: 8495021 | D75: =(C75/1000*5) -> 42475.105 | E75: =VLOOKUP(A75,'2.09.2021'!A$3:'2.09.2021'!I$202,5,) -> 44229 | F75: 44455 | G75: =VLOOKUP(A75,'2.09.2021'!A$3:'2.09.2021'!I$202,7,) -> 0.14097222 | H75: =VLOOKUP(A75,'2.09.2021'!A$3:'2.09.2021'!I$202,8,) -> POP | I75: =VLOOKUP(A75,'2.09.2021'!A$3:'2.09.2021'!I$202,9,) -> SUA | J75: =IF(ISNUMBER(SEARCH("with",A75)),"Da","Nu") -> Nu
A76: Dynamite | B76: BTS | C76: 8494434 | D76: =(C76/1000*5) -> 42472.17 | E76: =VLOOKUP(A76,'2.09.2021'!A$3:'2.09.2021'!I$202,5,) -> 44459 | F76: 44455 | G76: =VLOOKUP(A76,'2.09.2021'!A$3:'2.09.2021'!I$202,7,) -> 0.097916667 | H76: =VLOOKUP(A76,'2.09.2021'!A$3:'2.09.2021'!I$202,8,) -> K-POP | I76: =VLOOKUP(A76,'2.09.2021'!A$3:'2.09.2021'!I$202,9,) -> Korea de Sud | J76: =IF(ISNUMBER(SEARCH("with",A76)),"Da","Nu") -> Nu
A77: Tiroteo - Remix | B77: Marc SeguÃ­ | C77: 8465865 | D77: =(C77/1000*5) -> 42329.325 | E77: =VLOOKUP(A77,'2.09.2021'!A$3:'2.09.2021'!I$202,5,) -> 44287 | F77: 44455 | G77: =VLOOKUP(A77,'2.09.2021'!A$3:'2.09.2021'!I$202,7,) -> 0.22291667 | H77: =VLOOKUP(A77,'2.09.2021'!A$3:'2.09.2021'!I$202,8,) -> LATIN URBAN | I77: =VLOOKUP(A77,'2.09.2021'!A$3:'2.09.2021'!I$202,9,) -> Puerto Rico | J77: =IF(ISNUMBER(SEARCH("with",A77)),"Da","Nu") -> Nu
A78: Someone You Loved | B78: Lewis Capaldi | C78: 8329722 | D78: =(C78/1000*5) -> 41648.61 | E78: =VLOOKUP(A78,'2.09.2021'!A$3:'2.09.2021'!I$202,5,) -> 44377 | F78: 44455 | G78: =VLOOKUP(A78,'2.09.2021'!A$3:'2.09.2021'!I$202,7,) -> 0.14444444 | H78: =VLOOKUP(A78,'2.09.2021'!A$3:'2.09.2021'!I$202,8,) -> HIP-HOP/RAP | I78: =VLOOKUP(A78,'2.09.2021'!A$3:'2.09.2021'!I$202,9,) -> Scoția | J78: =IF(ISNUMBER(SEARCH("with",A78)),"Da","Nu") -> Nu
A79: I GUESS I'M IN LOVE | B79: Clinton Kane | C79: 8314437 | D79: =(C79/1000*5) -> 41572.185 | E79: =VLOOKUP(A79,'2.09.2021'!A$3:'2.09.2021'!I$202,5,) -> 44352 | F79: 44455 | G79: =VLOOKUP(A79,'2.09.2021'!A$3:'2.09.2021'!I$202,7,) -> 0.11388889 | H79: =VLOOKUP(A79,'2.09.2021'!A$3:'2.09.2021'!I$202,8,) -> HIP-HOP/RAP | I79: =VLOOKUP(A79,'2.09.2021'!A$3:'2.09.2021'!I$202,9,) -> Norvegia | J79: =IF(ISNUMBER(SEARCH("with",A79)),"Da","Nu") -> Nu
A80: Leave Before You Love Me (with Jonas Brothers) | B80: Marshmello | C80: 8298712 | D80: =(C80/1000*5) -> 41493.56 | E80: =VLOOKUP(A80,'2.09.2021'!A$3:'2.09.2021'!I$202,5,) -> 44466 | F80: 44455 | G80: =VLOOKUP(A80,'2.09.2021'!A$3:'2.09.2021'!I$202,7,) -> 0.16805556 | H80: =VLOOKUP(A80,'2.09.2021'!A$3:'2.09.2021'!I$202,8,) -> ROCK | I80: =VLOOKUP(A80,'2.09.2021'!A$3:'2.09.2021'!I$202,9,) -> SUA | J80: =IF(ISNUMBER(SEARCH("with",A80)),"Da","Nu") -> Da
A81: Astronaut In The Ocean | B81: Masked Wolf | C81: 8259911 | D81: =(C81/1000*5) -> 41299.555 | E81: =VLOOKUP(A81,'2.09.2021'!A$3:'2.09.2021'!I$202,5,) -> 44438 | F81: 44455 | G81: =VLOOKUP(A81,'2.09.2021'!A$3:'2.09.2021'!I$202,7,) -> 0.16875 | H81: =VLOOKUP(A81,'2.09.2021'!A$3:'2.09.2021'!I$202,8,) -> POP | I81: =VLOOKUP(A81,'2.09.2021'!A$3:'2.09.2021'!I$202,9,) -> Australia | J81: =IF(ISNUMBER(SEARCH("with",A81)),"Da","Nu") -> Nu
A82: Don't Start Now | B82: Dua Lipa | C82: 8202435 | D82: =(C82/1000*5) -> 41012.175 | E82: =VLOOKUP(A82,'2.09.2021'!A$3:'2.09.2021'!I$202,5,) -> 44248 | F82: 44455 | G82: =VLOOKUP(A82,'2.09.2021'!A$3:'2.09.2021'!I$202,7,) -> 0.11736111 | H82: =VLOOKUP(A82,'2.09.2021'!A$3:'2.09.2021'!I$202,8,) -> K-POP | I82: =VLOOKUP(A82,'2.09.2021'!A$3:'2.09.2021'!I$202,9,) -> Marea Britanie | J82: =IF(ISNUMBER(SEARCH("with",A82)),"Da","Nu") -> Nu
A83: 911 - Remix | B83: Sech | C83: 8155094 | D83: =(C83/1000*5) -> 40775.47 | E83: =VLOOKUP(A83,'2.09.2021'!A$3:'2.09.2021'!I$202,5,) -> 44386 | F83: 44455 | G83: =VLOOKUP(A83,'2.09.2021'!A$3:'2.09.2021'!I$202,7,) -> 0.14444444 | H83: =VLOOKUP(A83,'2.09.2021'!A$3:'2.09.2021'!I$202,8,) -> LATIN URBAN | I83: =VLOOKUP(A83,'2.09.2021'!A$3:'2.09.2021'!I$202,9,) -> Panama | J83: =IF(ISNUMBER(SEARCH("with",A83)),"Da","Nu") -> Nu
A84: jealousy, jealousy | B84: Olivia Rodrigo | C84: 8077632 | D84: =(C84/1000*5) -> 40388.16 | E84: =VLOOKUP(A84,'2.09.2021'!A$3:'2.09.2021'!I$202,5,) -> 44337 | F84: 44455 | G84: =VLOOKUP(A84,'2.09.2021'!A$3:'2.09.2021'!I$202,7,) -> 0.12013889 | H84: =VLOOKUP(A84,'2.09.2021'!A$3:'2.09.2021'!I$202,8,) -> POP | I84: =VLOOKUP(A84,'2.09.2021'!A$3:'2.09.2021'!I$202,9,) -> SUA | J84: =IF(ISNUMBER(SEARCH("with",A84)),"Da","Nu") -> Nu
A85: Where Are You Now | B85: Lost Frequencies | C85: 8064157 | D85: =(C85/1000*5) -> 40320.785 | E85: =VLOOKUP(A85,'23.09.2021'!A$3:'23.09.2021'!I$202,5,) -> 43714 | F85: 44455 | G85: =VLOOKUP(A85,'23.09.2021'!A$3:'23.09.2021'!I$202,7,) -> 0.099305556 | H85: =VLOOKUP(A85,'23.09.2021'!A$3:'23.09.2021'!I$202,8,) -> POP | I85: =VLOOKUP(A85,'23.09.2021'!A$3:'23.09.2021'!I$202,9,) -> SUA | J85: =IF(ISNUMBER(SEARCH("with",A85)),"Da","Nu") -> Nu
A86: In The Bible (with Lil Durk & Giveon) | B86: Drake | C86: 8039670 | D86: =(C86/1000*5) -> 40198.35 | E86: =VLOOKUP(A86,'23.09.2021'!A$3:'23.09.2021'!I$202,5,) -> 44460 | F86: 44455 | G86: =VLOOKUP(A86,'23.09.2021'!A$3:'23.09.2021'!I$202,7,) -> 0.099305556 | H86: =VLOOKUP(A86,'23.09.2021'!A$3:'23.09.2021'!I$202,8,) -> HIP-HOP/RAP | I86: =VLOOKUP(A86,'23.09.2021'!A$3:'23.09.2021'!I$202,9,) -> Canada | J86: =IF(ISNUMBER(SEARCH("with",A86)),"Da","Nu") -> Da
A87: Love All (with JAY-Z) | B87: Drake | C87: 8007543 | D87: =(C87/1000*5) -> 40037.715 | E87: =VLOOKUP(A87,'23.09.2021'!A$3:'23.09.2021'!I$202,5,) -> 44460 | F87: 44455 | G87: =VLOOKUP(A87,'23.09.2021'!A$3:'23.09.2021'!I$202,7,) -> 0.12777778 | H87: =VLOOKUP(A87,'23.09.2021'!A$3:'23.09.2021'!I$202,8,) -> HIP-HOP/RAP | I87: =VLOOKUP(A87,'23.09.2021'!A$3:'23.09.2021'!I$202,9,) -> Canada | J87: =IF(ISNUMBER(SEARCH("with",A87)),"Da","Nu") -> Da
A88: Love Again | B88: Dua Lipa | C88: 8006303 | D88: =(C88/1000*5) -> 40031.515 | E88: =VLOOKUP(A88,'2.09.2021'!A$3:'2.09.2021'!I$202,5,) -> 44259 | F88: 44455 | G88: =VLOOKUP(A88,'2.09.2021'!A$3:'2.09.2021'!I$202,7,) -> 0.14027778 | H88: =VLOOKUP(A88,'2.09.2021'!A$3:'2.09.2021'!I$202,8,) -> ELECTRONIC | I88: =VLOOKUP(A88,'2.09.2021'!A$3:'2.09.2021'!I$202,9,) -> Marea Britanie | J88: =IF(ISNUMBER(SEARCH("with",A88)),"Da","Nu") -> Nu
A89: Summer of Love (Shawn Mendes & Tainy) | B89: Shawn Mendes | C89: 8004957 | D89: =(C89/1000*5) -> 40024.785 | E89: =VLOOKUP(A89,'2.09.2021'!A$3:'2.09.2021'!I$202,5,) -> 44428 | F89: 44455 | G89: =VLOOKUP(A89,'2.09.2021'!A$3:'2.09.2021'!I$202,7,) -> 0.12777778 | H89: =VLOOKUP(A89,'2.09.2021'!A$3:'2.09.2021'!I$202,8,) -> POP | I89: =VLOOKUP(A89,'2.09.2021'!A$3:'2.09.2021'!I$202,9,) -> Canada | J89: =IF(ISNUMBER(SEARCH("with",A89)),"Da","Nu") -> Nu
A90: The Business | B90: TiÃ«sto | C90: 7804531 | D90: =(C90/1000*5) -> 39022.655 | E90: =VLOOKUP(A90,'2.09.2021'!A$3:'2.09.2021'!I$202,5,) -> 44336 | F90: 44455 | G90: =VLOOKUP(A90,'2.09.2021'!A$3:'2.09.2021'!I$202,7,) -> 0.12152778 | H90: =VLOOKUP(A90,'2.09.2021'!A$3:'2.09.2021'!I$202,8,) -> DANCE | I90: =VLOOKUP(A90,'2.09.2021'!A$3:'2.09.2021'!I$202,9,) -> Olanda | J90: =IF(ISNUMBER(SEARCH("with",A90)),"Da","Nu") -> Nu
A91: favorite crime | B91: Olivia Rodrigo | C91: 7716236 | D91: =(C91/1000*5) -> 38581.18 | E91: =VLOOKUP(A91,'2.09.2021'!A$3:'2.09.2021'!I$202,5,) -> 44346 | F91: 44455 | G91: =VLOOKUP(A91,'2.09.2021'!A$3:'2.09.2021'!I$202,7,) -> 0.14930556 | H91: =VLOOKUP(A91,'2.09.2021'!A$3:'2.09.2021'!I$202,8,) -> ALTERNATIVE | I91: =VLOOKUP(A91,'2.09.2021'!A$3:'2.09.2021'!I$202,9,) -> SUA | J91: =IF(ISNUMBER(SEARCH("with",A91)),"Da","Nu") -> Nu
A92: Loco | B92: Justin Quiles | C92: 7664269 | D92: =(C92/1000*5) -> 38321.345 | E92: =VLOOKUP(A92,'2.09.2021'!A$3:'2.09.2021'!I$202,5,) -> 44309 | F92: 44455 | G92: =VLOOKUP(A92,'2.09.2021'!A$3:'2.09.2021'!I$202,7,) -> 0.19930556 | H92: =VLOOKUP(A92,'2.09.2021'!A$3:'2.09.2021'!I$202,8,) -> K-POP | I92: =VLOOKUP(A92,'2.09.2021'!A$3:'2.09.2021'!I$202,9,) -> SUA | J92: =IF(ISNUMBER(SEARCH("with",A92)),"Da","Nu") -> Nu
A93: N 2 Deep | B93: Drake | C93: 7553884 | D93: =(C93/1000*5) -> 37769.42 | E93: =VLOOKUP(A93,'23.09.2021'!A$3:'23.09.2021'!I$202,5,) -> 44460 | F93: 44455 | G93: =VLOOKUP(A93,'23.09.2021'!A$3:'23.09.2021'!I$202,7,) -> 0.15763889 | H93: =VLOOKUP(A93,'23.09.2021'!A$3:'23.09.2021'!I$202,8,) -> HIP-HOP/RAP | I93: =VLOOKUP(A93,'23.09.2021'!A$3:'23.09.2021'!I$202,9,) -> Canada | J93: =IF(ISNUMBER(SEARCH("with",A93)),"Da","Nu") -> Nu
A94: Save Your Tears | B94: The Weeknd | C94: 7510269 | D94: =(C94/1000*5) -> 37551.345 | E94: =VLOOKUP(A94,'2.09.2021'!A$3:'2.09.2021'!I$202,5,) -> 44209 | F94: 44455 | G94: =VLOOKUP(A94,'2.09.2021'!A$3:'2.09.2021'!I$202,7,) -> 0.16875 | H94: =VLOOKUP(A94,'2.09.2021'!A$3:'2.09.2021'!I$202,8,) -> ELECTRONIC | I94: =VLOOKUP(A94,'2.09.2021'!A$3:'2.09.2021'!I$202,9,) -> Canada | J94: =IF(ISNUMBER(SEARCH("with",A94)),"Da","Nu") -> Nu
A95: Chosen (with Ty Dolla $ign) | B95: Blxst | C95: 7506959 | D95: =(C95/1000*5) -> 37534.795 | E95: =VLOOKUP(A95,'2.09.2021'!A$3:'2.09.2021'!I$202,5,) -> 44389 | F95: 44455 | G95: =VLOOKUP(A95,'2.09.2021'!A$3:'2.09.2021'!I$202,7,) -> 0.20694444 | H95: =VLOOKUP(A95,'2.09.2021'!A$3:'2.09.2021'!I$202,8,) -> ALTERNATIVE | I95: =VLOOKUP(A95,'2.09.2021'!A$3:'2.09.2021'!I$202,9,) -> SUA | J95: =IF(ISNUMBER(SEARCH("with",A95)),"Da","Nu") -> Da
A96: Poblado - Remix | B96: J Balvin | C96: 7486880 | D96: =(C96/1000*5) -> 37434.4 | E96: =VLOOKUP(A96,'2.09.2021'!A$3:'2.09.2021'!I$202,5,) -> 44316 | F96: 44455 | G96: =VLOOKUP(A96,'2.09.2021'!A$3:'2.09.2021'!I$202,7,) -> 0.12013889 | H96: =VLOOKUP(A96,'2.09.2021'!A$3:'2.09.2021'!I$202,8,) -> ELECTRONIC | I96: =VLOOKUP(A96,'2.09.2021'!A$3:'2.09.2021'!I$202,9,) -> Columbia | J96: =IF(ISNUMBER(SEARCH("with",A96)),"Da","Nu") -> Nu
A97: double take | B97: dhruv | C97: 7393139 | D97: =(C97/1000*5) -> 36965.695 | E97: =VLOOKUP(A97,'2.09.2021'!A$3:'2.09.2021'!I$202,5,) -> 44406 | F97: 44455 | G97: =VLOOKUP(A97,'2.09.2021'!A$3:'2.09.2021'!I$202,7,) -> 0.14652778 | H97: =VLOOKUP(A97,'2.09.2021'!A$3:'2.09.2021'!I$202,8,) -> LATIN | I97: =VLOOKUP(A97,'2.09.2021'!A$3:'2.09.2021'!I$202,9,) -> India | J97: =IF(ISNUMBER(SEARCH("with",A97)),"Da","Nu") -> Nu
A98: edamame (with Rich Brian) | B98: bbno$ | C98: 7337211 | D98: =(C98/1000*5) -> 36686.055 | E98: =VLOOKUP(A98,'2.09.2021'!A$3:'2.09.2021'!I$202,5,) -> 43945 | F98: 44455 | G98: =VLOOKUP(A98,'2.09.2021'!A$3:'2.09.2021'!I$202,7,) -> 0.090277778 | H98: =VLOOKUP(A98,'2.09.2021'!A$3:'2.09.2021'!I$202,8,) -> R&B/SOUL | I98: =VLOOKUP(A98,'2.09.2021'!A$3:'2.09.2021'!I$202,9,) -> Canada | J98: =IF(ISNUMBER(SEARCH("with",A98)),"Da","Nu") -> Da
A99: RAPSTAR | B99: Polo G | C99: 7335785 | D99: =(C99/1000*5) -> 36678.925 | E99: =VLOOKUP(A99,'2.09.2021'!A$3:'2.09.2021'!I$202,5,) -> 44245 | F99: 44455 | G99: =VLOOKUP(A99,'2.09.2021'!A$3:'2.09.2021'!I$202,7,) -> 0.10069444 | H99: =VLOOKUP(A99,'2.09.2021'!A$3:'2.09.2021'!I$202,8,) -> RHYTHM & BLUES | I99: =VLOOKUP(A99,'2.09.2021'!A$3:'2.09.2021'!I$202,9,) -> SUA | J99: =IF(ISNUMBER(SEARCH("with",A99)),"Da","Nu") -> Nu
A100: Jail | B100: Kanye West | C100: 7290622 | D100: =(C100/1000*5) -> 36453.11 | E100: =VLOOKUP(A100,'2.09.2021'!A$3:'2.09.2021'!I$202,5,) -> 44437 | F100: 44455 | G100: =VLOOKUP(A100,'2.09.2021'!A$3:'2.09.2021'!I$202,7,) -> 0.20625 | H100: =VLOOKUP(A100,'2.09.2021'!A$3:'2.09.2021'!I$202,8,) -> HIP-HOP/RAP | I100: =VLOOKUP(A100,'2.09.2021'!A$3:'2.09.2021'!I$202,9,) -> SUA | J100: =IF(ISNUMBER(SEARCH("with",A100)),"Da","Nu") -> Nu
A101: ArranhÃ£o - Ao Vivo | B101: Henrique & Juliano | C101: 7057115 | D101: =(C101/1000*5) -> 35285.575 | E101: =VLOOKUP(A101,'2.09.2021'!A$3:'2.09.2021'!I$202,5,) -> 44244 | F101: 44455 | G101: =VLOOKUP(A101,'2.09.2021'!A$3:'2.09.2021'!I$202,7,) -> 0.11736111 | H101: =VLOOKUP(A101,'2.09.2021'!A$3:'2.09.2021'!I$202,8,) -> LATIN URBAN | I101: =VLOOKUP(A101,'2.09.2021'!A$3:'2.09.2021'!I$202,9,) -> Brazilia | J101: =IF(ISNUMBER(SEARCH("with",A101)),"Da","Nu") -> Nu
...

Sheet 23.09.2021
A1: Numele Melodiei | B1: Artist | C1: Numar vizualizari | D1: Venituri (nr vizulizari/1000*5) | E1: Data Lansarii | F1: Aparitii in top 200 | G1: Durata Melodiei | H1: Genul de Muzica | I1: Nationalitatea Artistului | J1: Colaborare
A3: STAY (with Justin Bieber) | B3: The Kid LAROI | C3: 65706259 | D3: =(C3/1000*5) -> 328531.3 | E3: =VLOOKUP(A3,'2.09.2021'!A$3:'2.09.2021'!I$202,5,) -> 44386 | F3: 44462 | G3: =VLOOKUP(A3,'2.09.2021'!A$3:'2.09.2021'!I$202,7,) -> 0.097916667 | H3: =VLOOKUP(A3,'2.09.2021'!A$3:'2.09.2021'!I$202,8,) -> POP | I3: =VLOOKUP(A3,'2.09.2021'!A$3:'2.09.2021'!I$202,9,) -> Australia | J3: =IF(ISNUMBER(SEARCH("with",A3)),"Da","Nu") -> Da
A4: Girls Want Girls (with Lil Baby) | B4: Drake | C4: 45594878 | D4: =(C4/1000*5) -> 227974.39 | E4: 44460 | F4: 44462 | G4: 0.085416667 | H4: hIP-HOP/RAP | I4: Canada | J4: =IF(ISNUMBER(SEARCH("with",A4)),"Da","Nu") -> Da
A5: Fair Trade (with Travis Scott) | B5: Drake | C5: 43845716 | D5: =(C5/1000*5) -> 219228.58 | E5: 44460 | F5: 44462 | G5: 0.14097222 | H5: hIP-HOP/RAP | I5: Canada | J5: =IF(ISNUMBER(SEARCH("with",A5)),"Da","Nu") -> Da
A6: INDUSTRY BABY (with Jack Harlow) | B6: Lil Nas X | C6: 42154185 | D6: =(C6/1000*5) -> 210770.92 | E6: =VLOOKUP(A6,'2.09.2021'!A$3:'2.09.2021'!I$202,5,) -> 44400 | F6: 44462 | G6: =VLOOKUP(A6,'2.09.2021'!A$3:'2.09.2021'!I$202,7,) -> 0.14722222 | H6: HIP-HOP/RAP | I6: =VLOOKUP(A6,'2.09.2021'!A$3:'2.09.2021'!I$202,9,) -> SUA | J6: =IF(ISNUMBER(SEARCH("with",A6)),"Da","Nu") -> Da
A7: Way 2 Sexy (with Future & Young Thug) | B7: Drake | C7: 38422223 | D7: =(C7/1000*5) -> 192111.11 | E7: 44460 | F7: 44462 | G7: 0.055555556 | H7: HIP-HOP/RAP | I7: Canada | J7: =IF(ISNUMBER(SEARCH("with",A7)),"Da","Nu") -> Da
A8: Champagne Poetry | B8: Drake | C8: 34053174 | D8: =(C8/1000*5) -> 170265.87 | E8: 44460 | F8: 44462 | G8: 0.16388889 | H8: HIP-HOP/RAP | I8: Canada | J8: =IF(ISNUMBER(SEARCH("with",A8)),"Da","Nu") -> Nu
A9: Bad Habits | B9: Ed Sheeran | C9: 32477559 | D9: =(C9/1000*5) -> 162387.8 | E9: =VLOOKUP(A9,'2.09.2021'!A$3:'2.09.2021'!I$202,5,) -> 44358 | F9: 44462 | G9: =VLOOKUP(A9,'2.09.2021'!A$3:'2.09.2021'!I$202,7,) -> 0.14722222 | H9: =VLOOKUP(A9,'2.09.2021'!A$3:'2.09.2021'!I$202,8,) -> POP | I9: =VLOOKUP(A9,'2.09.2021'!A$3:'2.09.2021'!I$202,9,) -> Marea Britanie | J9: =IF(ISNUMBER(SEARCH("with",A9)),"Da","Nu") -> Nu
A10: Beggin' | B10: Måneskin | C10: 29650985 | D10: =(C10/1000*5) -> 148254.92 | E10: =VLOOKUP(A10,'2.09.2021'!A$3:'2.09.2021'!I$202,5,) -> 43077 | F10: 44462 | G10: =VLOOKUP(A10,'2.09.2021'!A$3:'2.09.2021'!I$202,7,) -> 0.14652778 | H10: =VLOOKUP(A10,'2.09.2021'!A$3:'2.09.2021'!I$202,8,) -> ROCK | I10: =VLOOKUP(A10,'2.09.2021'!A$3:'2.09.2021'!I$202,9,) -> Italia | J10: =IF(ISNUMBER(SEARCH("with",A10)),"Da","Nu") -> Nu
A11: Pepas | B11: Farruko | C11: 29585088 | D11: =(C11/1000*5) -> 147925.44 | E11: =VLOOKUP(A11,'2.09.2021'!A$3:'2.09.2021'!I$202,5,) -> 44538 | F11: 44462 | G11: =VLOOKUP(A11,'2.09.2021'!A$3:'2.09.2021'!I$202,7,) -> 0.19930556 | H11: =VLOOKUP(A11,'2.09.2021'!A$3:'2.09.2021'!I$202,8,) -> LATIN URBAN | I11: =VLOOKUP(A11,'2.09.2021'!A$3:'2.09.2021'!I$202,9,) -> Puerto Rico | J11: =IF(ISNUMBER(SEARCH("with",A11)),"Da","Nu") -> Nu
A12: Knife Talk (with 21 Savage ft. Project Pat) | B12: Drake | C12: 28347807 | D12: =(C12/1000*5) -> 141739.04 | E12: 44460 | F12: 44462 | G12: 0.16736111 | H12: HIP-HOP/RAP | I12: Canada | J12: =IF(ISNUMBER(SEARCH("with",A12)),"Da","Nu") -> Da
A13: Woman | B13: Doja Cat | C13: 27507841 | D13: =(C13/1000*5) -> 137539.21 | E13: =VLOOKUP(A13,'2.09.2021'!A$3:'2.09.2021'!I$202,5,) -> 44374 | F13: 44462 | G13: =VLOOKUP(A13,'2.09.2021'!A$3:'2.09.2021'!I$202,7,) -> 0.10069444 | H13: =VLOOKUP(A13,'2.09.2021'!A$3:'2.09.2021'!I$202,8,) -> POP | I13: =VLOOKUP(A13,'2.09.2021'!A$3:'2.09.2021'!I$202,9,) -> SUA | J13: =IF(ISNUMBER(SEARCH("with",A13)),"Da","Nu") -> Nu
A14: Papiâ€™s Home | B14: Drake | C14: 27368851 | D14: =(C14/1000*5) -> 136844.26 | E14: 44460 | F14: 44462 | G14: 0.14305556 | H14: HIP-HOP/RAP | I14: Canada | J14: =IF(ISNUMBER(SEARCH("with",A14)),"Da","Nu") -> Nu
A15: Hurricane | B15: Kanye West | C15: 27212883 | D15: =(C15/1000*5) -> 136064.42 | E15: =VLOOKUP(A15,'2.09.2021'!A$3:'2.09.2021'!I$202,5,) -> 44416 | F15: 44462 | G15: =VLOOKUP(A15,'2.09.2021'!A$3:'2.09.2021'!I$202,7,) -> 0.16875 | H15: =VLOOKUP(A15,'2.09.2021'!A$3:'2.09.2021'!I$202,8,) -> HIP-HOP/RAP | I15: =VLOOKUP(A15,'2.09.2021'!A$3:'2.09.2021'!I$202,9,) -> SUA | J15: =IF(ISNUMBER(SEARCH("with",A15)),"Da","Nu") -> Nu
A16: good 4 u | B16: Olivia Rodrigo | C16: 26877818 | D16: =(C16/1000*5) -> 134389.09 | E16: =VLOOKUP(A16,'2.09.2021'!A$3:'2.09.2021'!I$202,5,) -> 44337 | F16: 44462 | G16: =VLOOKUP(A16,'2.09.2021'!A$3:'2.09.2021'!I$202,7,) -> 0.12361111 | H16: =VLOOKUP(A16,'2.09.2021'!A$3:'2.09.2021'!I$202,8,) -> POP | I16: =VLOOKUP(A16,'2.09.2021'!A$3:'2.09.2021'!I$202,9,) -> SUA | J16: =IF(ISNUMBER(SEARCH("with",A16)),"Da","Nu") -> Nu
A17: TSU | B17: Drake | C17: 26226066 | D17: =(C17/1000*5) -> 131130.33 | E17: 44460 | F17: 44462 | G17: 0.13958333 | H17: HIP-HOP/RAP | I17: Canada | J17: =IF(ISNUMBER(SEARCH("with",A17)),"Da","Nu") -> Nu
A18: In The Bible (with Lil Durk & Giveon) | B18: Drake | C18: 26043915 | D18: =(C18/1000*5) -> 130219.58 | E18: 44460 | F18: 44462 | G18: 0.099305556 | H18: HIP-HOP/RAP | I18: Canada | J18: =IF(ISNUMBER(SEARCH("with",A18)),"Da","Nu") -> Da
A19: Love All (with JAY-Z) | B19: Drake | C19: 25554209 | D19: =(C19/1000*5) -> 127771.04 | E19: 44460 | F19: 44462 | G19: 0.12777778 | H19: HIP-HOP/RAP | I19: Canada | J19: =IF(ISNUMBER(SEARCH("with",A19)),"Da","Nu") -> Da
A20: Need To Know | B20: Doja Cat | C20: 25440855 | D20: =(C20/1000*5) -> 127204.27 | E20: =VLOOKUP(A20,'2.09.2021'!A$3:'2.09.2021'!I$202,5,) -> 44371 | F20: 44462 | G20: =VLOOKUP(A20,'2.09.2021'!A$3:'2.09.2021'!I$202,7,) -> 0.14583333 | H20: =VLOOKUP(A20,'2.09.2021'!A$3:'2.09.2021'!I$202,8,) -> POP | I20: =VLOOKUP(A20,'2.09.2021'!A$3:'2.09.2021'!I$202,9,) -> SUA | J20: =IF(ISNUMBER(SEARCH("with",A20)),"Da","Nu") -> Nu
A21: Heat Waves | B21: Glass Animals | C21: 24827159 | D21: =(C21/1000*5) -> 124135.79 | E21: =VLOOKUP(A21,'2.09.2021'!A$3:'2.09.2021'!I$202,5,) -> 44050 | F21: 44462 | G21: =VLOOKUP(A21,'2.09.2021'!A$3:'2.09.2021'!I$202,7,) -> 0.16527778 | H21: =VLOOKUP(A21,'2.09.2021'!A$3:'2.09.2021'!I$202,8,) -> POP | I21: =VLOOKUP(A21,'2.09.2021'!A$3:'2.09.2021'!I$202,9,) -> Marea Britanie | J21: =IF(ISNUMBER(SEARCH("with",A21)),"Da","Nu") -> Nu
A22: No Friends In The Industry | B22: Drake | C22: 23993346 | D22: =(C22/1000*5) -> 119966.73 | E22: 44460 | F22: 44462 | G22: 0.12847222 | H22: HIP-HOP/RAP | I22: Canada | J22: =IF(ISNUMBER(SEARCH("with",A22)),"Da","Nu") -> Nu
A23: Happier Than Ever | B23: Billie Eilish | C23: 22684148 | D23: =(C23/1000*5) -> 113420.74 | E23: =VLOOKUP(A23,'2.09.2021'!A$3:'2.09.2021'!I$202,5,) -> 44407 | F23: 44462 | G23: =VLOOKUP(A23,'2.09.2021'!A$3:'2.09.2021'!I$202,7,) -> 0.20694444 | H23: =VLOOKUP(A23,'2.09.2021'!A$3:'2.09.2021'!I$202,8,) -> ALTERNATIVE | I23: =VLOOKUP(A23,'2.09.2021'!A$3:'2.09.2021'!I$202,9,) -> SUA | J23: =IF(ISNUMBER(SEARCH("with",A23)),"Da","Nu") -> Nu
A24: N 2 Deep | B24: Drake | C24: 22025962 | D24: =(C24/1000*5) -> 110129.81 | E24: 44460 | F24: 44462 | G24: 0.15763889 | H24: HIP-HOP/RAP | I24: Canada | J24: =IF(ISNUMBER(SEARCH("with",A24)),"Da","Nu") -> Nu
A25: MONTERO (Call Me By Your Name) | B25: Lil Nas X | C25: 21529938 | D25: =(C25/1000*5) -> 107649.69 | E25: =VLOOKUP(A25,'2.09.2021'!A$3:'2.09.2021'!I$202,5,) -> 44456 | F25: 44462 | G25: =VLOOKUP(A25,'2.09.2021'!A$3:'2.09.2021'!I$202,7,) -> 0.095138889 | H25: =VLOOKUP(A25,'2.09.2021'!A$3:'2.09.2021'!I$202,8,) -> POP | I25: =VLOOKUP(A25,'2.09.2021'!A$3:'2.09.2021'!I$202,9,) -> SUA | J25: =IF(ISNUMBER(SEARCH("with",A25)),"Da","Nu") -> Nu
A26: Kiss Me More (with SZA) | B26: Doja Cat | C26: 20896669 | D26: =(C26/1000*5) -> 104483.35 | E26: =VLOOKUP(A26,'2.09.2021'!A$3:'2.09.2021'!I$202,5,) -> 44295 | F26: 44462 | G26: =VLOOKUP(A26,'2.09.2021'!A$3:'2.09.2021'!I$202,7,) -> 0.14444444 | H26: =VLOOKUP(A26,'2.09.2021'!A$3:'2.09.2021'!I$202,8,) -> POP | I26: =VLOOKUP(A26,'2.09.2021'!A$3:'2.09.2021'!I$202,9,) -> SUA | J26: =IF(ISNUMBER(SEARCH("with",A26)),"Da","Nu") -> Da
A27: Todo De Ti | B27: Rauw Alejandro | C27: 19097158 | D27: =(C27/1000*5) -> 95485.79 | E27: =VLOOKUP(A27,'2.09.2021'!A$3:'2.09.2021'!I$202,5,) -> 44338 | F27: 44462 | G27: =VLOOKUP(A27,'2.09.2021'!A$3:'2.09.2021'!I$202,7,) -> 0.13819444 | H27: =VLOOKUP(A27,'2.09.2021'!A$3:'2.09.2021'!I$202,8,) -> LATIN URBAN | I27: =VLOOKUP(A27,'2.09.2021'!A$3:'2.09.2021'!I$202,9,) -> Puerto Rico | J27: =IF(ISNUMBER(SEARCH("with",A27)),"Da","Nu") -> Nu
A28: Pipe Down | B28: Drake | C28: 18888249 | D28: =(C28/1000*5) -> 94441.245 | E28: 44460 | F28: 44462 | G28: 0.15625 | H28: HIP-HOP/RAP | I28: Canada | J28: =IF(ISNUMBER(SEARCH("with",A28)),"Da","Nu") -> Nu
A29: 7am On Bridle Path | B29: Drake | C29: 18180843 | D29: =(C29/1000*5) -> 90904.215 | E29: 44460 | F29: 44462 | G29: 0.10486111 | H29: HIP-HOP/RAP | I29: Canada | J29: =IF(ISNUMBER(SEARCH("with",A29)),"Da","Nu") -> Nu
A30: Volví | B30: Aventura | C30: 17626028 | D30: =(C30/1000*5) -> 88130.14 | E30: =VLOOKUP(A30,'2.09.2021'!A$3:'2.09.2021'!I$202,5,) -> 44411 | F30: 44462 | G30: =VLOOKUP(A30,'2.09.2021'!A$3:'2.09.2021'!I$202,7,) -> 0.15972222 | H30: =VLOOKUP(A30,'2.09.2021'!A$3:'2.09.2021'!I$202,8,) -> LATIN URBAN | I30: =VLOOKUP(A30,'2.09.2021'!A$3:'2.09.2021'!I$202,9,) -> Republica Dominicană | J30: =IF(ISNUMBER(SEARCH("with",A30)),"Da","Nu") -> Nu
A31: Yonaguni | B31: Bad Bunny | C31: 17385575 | D31: =(C31/1000*5) -> 86927.875 | E31: =VLOOKUP(A31,'2.09.2021'!A$3:'2.09.2021'!I$202,5,) -> 44351 | F31: 44462 | G31: =VLOOKUP(A31,'2.09.2021'!A$3:'2.09.2021'!I$202,7,) -> 0.14305556 | H31: =VLOOKUP(A31,'2.09.2021'!A$3:'2.09.2021'!I$202,8,) -> LATIN URBAN | I31: =VLOOKUP(A31,'2.09.2021'!A$3:'2.09.2021'!I$202,9,) -> Puerto Rico | J31: =IF(ISNUMBER(SEARCH("with",A31)),"Da","Nu") -> Nu
A32: Race My Mind | B32: Drake | C32: 17035250 | D32: =(C32/1000*5) -> 85176.25 | E32: 44460 | F32: 44462 | G32: 0.088888889 | H32: HIP-HOP/RAP | I32: Canada | J32: =IF(ISNUMBER(SEARCH("with",A32)),"Da","Nu") -> Nu
A33: IMY2 (with Kid Cudi) | B33: Drake | C33: 16808455 | D33: =(C33/1000*5) -> 84042.275 | E33: 44460 | F33: 44462 | G33: 0.13333333 | H33: HIP-HOP/RAP | I33: Canada | J33: =IF(ISNUMBER(SEARCH("with",A33)),"Da","Nu") -> Da
A34: Off The Grid | B34: Kanye West | C34: 16413179 | D34: =(C34/1000*5) -> 82065.895 | E34: =VLOOKUP(A34,'2.09.2021'!A$3:'2.09.2021'!I$202,5,) -> 44437 | F34: 44462 | G34: =VLOOKUP(A34,'2.09.2021'!A$3:'2.09.2021'!I$202,7,) -> 0.23541667 | H34: =VLOOKUP(A34,'2.09.2021'!A$3:'2.09.2021'!I$202,8,) -> HIP-HOP/RAP | I34: =VLOOKUP(A34,'2.09.2021'!A$3:'2.09.2021'!I$202,9,) -> SUA | J34: =IF(ISNUMBER(SEARCH("with",A34)),"Da","Nu") -> Nu
A35: I WANNA BE YOUR SLAVE | B35: Måneskin | C35: 16188501 | D35: =(C35/1000*5) -> 80942.505 | E35: =VLOOKUP(A35,'2.09.2021'!A$3:'2.09.2021'!I$202,5,) -> 44274 | F35: 44462 | G35: =VLOOKUP(A35,'2.09.2021'!A$3:'2.09.2021'!I$202,7,) -> 0.12013889 | H35: =VLOOKUP(A35,'2.09.2021'!A$3:'2.09.2021'!I$202,8,) -> ROCK | I35: =VLOOKUP(A35,'2.09.2021'!A$3:'2.09.2021'!I$202,9,) -> Italia | J35: =IF(ISNUMBER(SEARCH("with",A35)),"Da","Nu") -> Nu
A36: Fountains (with Tems) | B36: Drake | C36: 16082820 | D36: =(C36/1000*5) -> 80414.1 | E36: 44460 | F36: 44462 | G36: 0.089583333 | H36: HIP-HOP/RAP | I36: Canada | J36: =IF(ISNUMBER(SEARCH("with",A36)),"Da","Nu") -> Da
A37: Levitating (with DaBaby) | B37: Dua Lipa | C37: 16076912 | D37: =(C37/1000*5) -> 80384.56 | E37: =VLOOKUP(A37,'2.09.2021'!A$3:'2.09.2021'!I$202,5,) -> 43917 | F37: 44462 | G37: =VLOOKUP(A37,'2.09.2021'!A$3:'2.09.2021'!I$202,7,) -> 0.14097222 | H37: =VLOOKUP(A37,'2.09.2021'!A$3:'2.09.2021'!I$202,8,) -> POP | I37: =VLOOKUP(A37,'2.09.2021'!A$3:'2.09.2021'!I$202,9,) -> Marea Britanie | J37: =IF(ISNUMBER(SEARCH("with",A37)),"Da","Nu") -> Da
A38: Take My Breath | B38: The Weeknd | C38: 15826162 | D38: =(C38/1000*5) -> 79130.81 | E38: =VLOOKUP(A38,'2.09.2021'!A$3:'2.09.2021'!I$202,5,) -> 44414 | F38: 44462 | G38: =VLOOKUP(A38,'2.09.2021'!A$3:'2.09.2021'!I$202,7,) -> 0.15277778 | H38: =VLOOKUP(A38,'2.09.2021'!A$3:'2.09.2021'!I$202,8,) -> R&B/SOUL | I38: =VLOOKUP(A38,'2.09.2021'!A$3:'2.09.2021'!I$202,9,) -> Canada | J38: =IF(ISNUMBER(SEARCH("with",A38)),"Da","Nu") -> Nu
A39: Yebbaâ€™s Heartbreak | B39: Drake | C39: 15567041 | D39: =(C39/1000*5) -> 77835.205 | E39: 44460 | F39: 44462 | G39: 0.13888889 | H39: HIP-HOP/RAP | I39: Canada | J39: =IF(ISNUMBER(SEARCH("with",A39)),"Da","Nu") -> Nu
A40: Qué Más Pues? | B40: J Balvin | C40: 15558142 | D40: =(C40/1000*5) -> 77790.71 | E40: =VLOOKUP(A40,'2.09.2021'!A$3:'2.09.2021'!I$202,5,) -> 44344 | F40: 44462 | G40: =VLOOKUP(A40,'2.09.2021'!A$3:'2.09.2021'!I$202,7,) -> 0.15069444 | H40: =VLOOKUP(A40,'2.09.2021'!A$3:'2.09.2021'!I$202,8,) -> LATIN URBAN | I40: =VLOOKUP(A40,'2.09.2021'!A$3:'2.09.2021'!I$202,9,) -> Columbia | J40: =IF(ISNUMBER(SEARCH("with",A40)),"Da","Nu") -> Nu
A41: traitor | B41: Olivia Rodrigo | C41: 15470078 | D41: =(C41/1000*5) -> 77350.39 | E41: =VLOOKUP(A41,'2.09.2021'!A$3:'2.09.2021'!I$202,5,) -> 44337 | F41: 44462 | G41: =VLOOKUP(A41,'2.09.2021'!A$3:'2.09.2021'!I$202,7,) -> 0.15902778 | H41: =VLOOKUP(A41,'2.09.2021'!A$3:'2.09.2021'!I$202,8,) -> POP | I41: =VLOOKUP(A41,'2.09.2021'!A$3:'2.09.2021'!I$202,9,) -> SUA | J41: =IF(ISNUMBER(SEARCH("with",A41)),"Da","Nu") -> Nu
A42: You Only Live Twice (with Lil Wayne & Rick Ross) | B42: Drake | C42: 15443086 | D42: =(C42/1000*5) -> 77215.43 | E42: 44460 | F42: 44462 | G42: 0.14930556 | H42: HIP-HOP/RAP | I42: Canada | J42: =IF(ISNUMBER(SEARCH("with",A42)),"Da","Nu") -> Da
A43: Peaches (with Daniel Caesar & Giveon) | B43: Justin Bieber | C43: 14792207 | D43: =(C43/1000*5) -> 73961.035 | E43: =VLOOKUP(A43,'2.09.2021'!A$3:'2.09.2021'!I$202,5,) -> 44274 | F43: 44462 | G43: =VLOOKUP(A43,'2.09.2021'!A$3:'2.09.2021'!I$202,7,) -> 0.1375 | H43: =VLOOKUP(A43,'2.09.2021'!A$3:'2.09.2021'!I$202,8,) -> POP | I43: =VLOOKUP(A43,'2.09.2021'!A$3:'2.09.2021'!I$202,9,) -> Canada | J43: =IF(ISNUMBER(SEARCH("with",A43)),"Da","Nu") -> Da
A44: Get Along Better | B44: Drake | C44: 13919809 | D44: =(C44/1000*5) -> 69599.045 | E44: 44460 | F44: 44462 | G44: 0.18263889 | H44: HIP-HOP/RAP | I44: Canada | J44: =IF(ISNUMBER(SEARCH("with",A44)),"Da","Nu") -> Nu
A45: Moon | B45: Kanye West | C45: 13386308 | D45: =(C45/1000*5) -> 66931.54 | E45: =VLOOKUP(A45,'2.09.2021'!A$3:'2.09.2021'!I$202,5,) -> 44437 | F45: 44462 | G45: =VLOOKUP(A45,'2.09.2021'!A$3:'2.09.2021'!I$202,7,) -> 0.10833333 | H45: =VLOOKUP(A45,'2.09.2021'!A$3:'2.09.2021'!I$202,8,) -> HIP-HOP/RAP | I45: =VLOOKUP(A45,'2.09.2021'!A$3:'2.09.2021'!I$202,9,) -> SUA | J45: =IF(ISNUMBER(SEARCH("with",A45)),"Da","Nu") -> Nu
A46: Jail | B46: Kanye West | C46: 13374077 | D46: =(C46/1000*5) -> 66870.385 | E46: =VLOOKUP(A46,'2.09.2021'!A$3:'2.09.2021'!I$202,5,) -> 44437 | F46: 44462 | G46: =VLOOKUP(A46,'2.09.2021'!A$3:'2.09.2021'!I$202,7,) -> 0.20625 | H46: =VLOOKUP(A46,'2.09.2021'!A$3:'2.09.2021'!I$202,8,) -> HIP-HOP/RAP | I46: =VLOOKUP(A46,'2.09.2021'!A$3:'2.09.2021'!I$202,9,) -> SUA | J46: =IF(ISNUMBER(SEARCH("with",A46)),"Da","Nu") -> Nu
A47: Save Your Tears (with Ariana Grande) (Remix) | B47: The Weeknd | C47: 13283877 | D47: =(C47/1000*5) -> 66419.385 | E47: =VLOOKUP(A47,'2.09.2021'!A$3:'2.09.2021'!I$202,5,) -> 43910 | F47: 44462 | G47: =VLOOKUP(A47,'2.09.2021'!A$3:'2.09.2021'!I$202,7,) -> 0.14930556 | H47: =VLOOKUP(A47,'2.09.2021'!A$3:'2.09.2021'!I$202,8,) -> R&B/SOUL | I47: =VLOOKUP(A47,'2.09.2021'!A$3:'2.09.2021'!I$202,9,) -> Canada | J47: =IF(ISNUMBER(SEARCH("with",A47)),"Da","Nu") -> Da
A48: Blinding Lights | B48: The Weeknd | C48: 13282212 | D48: =(C48/1000*5) -> 66411.06 | E48: =VLOOKUP(A48,'2.09.2021'!A$3:'2.09.2021'!I$202,5,) -> 43798 | F48: 44462 | G48: =VLOOKUP(A48,'2.09.2021'!A$3:'2.09.2021'!I$202,7,) -> 0.13958333 | H48: =VLOOKUP(A48,'2.09.2021'!A$3:'2.09.2021'!I$202,8,) -> R&B/SOUL | I48: =VLOOKUP(A48,'2.09.2021'!A$3:'2.09.2021'!I$202,9,) -> Canada | J48: =IF(ISNUMBER(SEARCH("with",A48)),"Da","Nu") -> Nu
A49: family ties (with Kendrick Lamar) | B49: Baby Keem | C49: 13255149 | D49: =(C49/1000*5) -> 66275.745 | E49: =VLOOKUP(A49,'2.09.2021'!A$3:'2.09.2021'!I$202,5,) -> 44435 | F49: 44462 | G49: =VLOOKUP(A49,'2.09.2021'!A$3:'2.09.2021'!I$202,7,) -> 0.175 | H49: =VLOOKUP(A49,'2.09.2021'!A$3:'2.09.2021'!I$202,8,) -> HIP-HOP/RAP | I49: =VLOOKUP(A49,'2.09.2021'!A$3:'2.09.2021'!I$202,9,) -> SUA | J49: =IF(ISNUMBER(SEARCH("with",A49)),"Da","Nu") -> Da
A50: In Da Getto | B50: J Balvin | C50: 13119628 | D50: =(C50/1000*5) -> 65598.14 | E50: =VLOOKUP(A50,'2.09.2021'!A$3:'2.09.2021'!I$202,5,) -> 44379 | F50: 44462 | G50: =VLOOKUP(A50,'2.09.2021'!A$3:'2.09.2021'!I$202,7,) -> 0.090277778 | H50: =VLOOKUP(A50,'2.09.2021'!A$3:'2.09.2021'!I$202,8,) -> LATIN URBAN | I50: =VLOOKUP(A50,'2.09.2021'!A$3:'2.09.2021'!I$202,9,) -> Columbia | J50: =IF(ISNUMBER(SEARCH("with",A50)),"Da","Nu") -> Nu
A51: PariÌs | B51: Ingratax | C51: 12879133 | D51: =(C51/1000*5) -> 64395.665 | E51: 44460 | F51: 44462 | G51: 0.13125 | H51: ALTERNATIVE | I51: Panama | J51: =IF(ISNUMBER(SEARCH("with",A51)),"Da","Nu") -> Nu
A52: F*****g Fans | B52: Drake | C52: 12312466 | D52: =(C52/1000*5) -> 61562.33 | E52: 44337 | F52: 44462 | G52: 0.125 | H52: HIP-HOP/RAP | I52: Canada | J52: =IF(ISNUMBER(SEARCH("with",A52)),"Da","Nu") -> Nu
A53: deja vu | B53: Olivia Rodrigo | C53: 12024457 | D53: =(C53/1000*5) -> 60122.285 | E53: =VLOOKUP(A53,'2.09.2021'!A$3:'2.09.2021'!I$202,5,) -> 44337 | F53: 44462 | G53: =VLOOKUP(A53,'2.09.2021'!A$3:'2.09.2021'!I$202,7,) -> 0.14930556 | H53: =VLOOKUP(A53,'2.09.2021'!A$3:'2.09.2021'!I$202,8,) -> POP | I53: =VLOOKUP(A53,'2.09.2021'!A$3:'2.09.2021'!I$202,9,) -> SUA | J53: =IF(ISNUMBER(SEARCH("with",A53)),"Da","Nu") -> Nu
A54: AM Remix | B54: Nio Garcia | C54: 11869240 | D54: =(C54/1000*5) -> 59346.2 | E54: =VLOOKUP(A54,'2.09.2021'!A$3:'2.09.2021'!I$202,5,) -> 44371 | F54: 44462 | G54: =VLOOKUP(A54,'2.09.2021'!A$3:'2.09.2021'!I$202,7,) -> 0.18125 | H54: =VLOOKUP(A54,'2.09.2021'!A$3:'2.09.2021'!I$202,8,) -> LATIN URBAN | I54: =VLOOKUP(A54,'2.09.2021'!A$3:'2.09.2021'!I$202,9,) -> Puerto Rico | J54: =IF(ISNUMBER(SEARCH("with",A54)),"Da","Nu") -> Nu
A55: drivers license | B55: Olivia Rodrigo | C55: 11862663 | D55: =(C55/1000*5) -> 59313.315 | E55: =VLOOKUP(A55,'2.09.2021'!A$3:'2.09.2021'!I$202,5,) -> 44204 | F55: 44462 | G55: =VLOOKUP(A55,'2.09.2021'!A$3:'2.09.2021'!I$202,7,) -> 0.16805556 | H55: =VLOOKUP(A55,'2.09.2021'!A$3:'2.09.2021'!I$202,8,) -> POP | I55: =VLOOKUP(A55,'2.09.2021'!A$3:'2.09.2021'!I$202,9,) -> SUA | J55: =IF(ISNUMBER(SEARCH("with",A55)),"Da","Nu") -> Nu
A56: Volando - Remix | B56: Mora | C56: 11808168 | D56: =(C56/1000*5) -> 59040.84 | E56: =VLOOKUP(A56,'2.09.2021'!A$3:'2.09.2021'!I$202,5,) -> 44385 | F56: 44462 | G56: =VLOOKUP(A56,'2.09.2021'!A$3:'2.09.2021'!I$202,7,) -> 0.18958333 | H56: =VLOOKUP(A56,'2.09.2021'!A$3:'2.09.2021'!I$202,8,) -> LATIN | I56: =VLOOKUP(A56,'2.09.2021'!A$3:'2.09.2021'!I$202,9,) -> Puerto Rico | J56: =IF(ISNUMBER(SEARCH("with",A56)),"Da","Nu") -> Nu
A57: Cold Heart - PNAU Remix | B57: Elton John | C57: 11486519 | D57: =(C57/1000*5) -> 57432.595 | E57: =VLOOKUP(A57,'2.09.2021'!A$3:'2.09.2021'!I$202,5,) -> 44421 | F57: 44462 | G57: =VLOOKUP(A57,'2.09.2021'!A$3:'2.09.2021'!I$202,7,) -> 0.14027778 | H57: =VLOOKUP(A57,'2.09.2021'!A$3:'2.09.2021'!I$202,8,) -> POP | I57: =VLOOKUP(A57,'2.09.2021'!A$3:'2.09.2021'!I$202,9,) -> Marea Britanie | J57: =IF(ISNUMBER(SEARCH("with",A57)),"Da","Nu") -> Nu
A58: Butter | B58: BTS | C58: 11376116 | D58: =(C58/1000*5) -> 56880.58 | E58: =VLOOKUP(A58,'2.09.2021'!A$3:'2.09.2021'!I$202,5,) -> 44337 | F58: 44462 | G58: =VLOOKUP(A58,'2.09.2021'!A$3:'2.09.2021'!I$202,7,) -> 0.11388889 | H58: =VLOOKUP(A58,'2.09.2021'!A$3:'2.09.2021'!I$202,8,) -> K-POP | I58: =VLOOKUP(A58,'2.09.2021'!A$3:'2.09.2021'!I$202,9,) -> Korea de Sud | J58: =IF(ISNUMBER(SEARCH("with",A58)),"Da","Nu") -> Nu
A59: The Remorse | B59: Drake | C59: 11368884 | D59: =(C59/1000*5) -> 56844.42 | E59: 44290 | F59: 44462 | G59: 0.13958333 | H59: HIP-HOP/RAP | I59: Canada | J59: =IF(ISNUMBER(SEARCH("with",A59)),"Da","Nu") -> Nu
A60: 2055 | B60: Sleepy Hallow | C60: 11335980 | D60: =(C60/1000*5) -> 56679.9 | E60: =VLOOKUP(A60,'2.09.2021'!A$3:'2.09.2021'!I$202,5,) -> 44300 | F60: 44462 | G60: =VLOOKUP(A60,'2.09.2021'!A$3:'2.09.2021'!I$202,7,) -> 0.085416667 | H60: =VLOOKUP(A60,'2.09.2021'!A$3:'2.09.2021'!I$202,8,) -> HIP-HOP/RAP | I60: =VLOOKUP(A60,'2.09.2021'!A$3:'2.09.2021'!I$202,9,) -> Jamaica | J60: =IF(ISNUMBER(SEARCH("with",A60)),"Da","Nu") -> Nu
A61: Get Into It (Yuh) | B61: Doja Cat | C61: 11107366 | D61: =(C61/1000*5) -> 55536.83 | E61: =VLOOKUP(A61,'2.09.2021'!A$3:'2.09.2021'!I$202,5,) -> 44372 | F61: 44462 | G61: =VLOOKUP(A61,'2.09.2021'!A$3:'2.09.2021'!I$202,7,) -> 0.095833333 | H61: =VLOOKUP(A61,'2.09.2021'!A$3:'2.09.2021'!I$202,8,) -> POP | I61: =VLOOKUP(A61,'2.09.2021'!A$3:'2.09.2021'!I$202,9,) -> SUA | J61: =IF(ISNUMBER(SEARCH("with",A61)),"Da","Nu") -> Nu
A62: Cúrame | B62: Rauw Alejandro | C62: 11010014 | D62: =(C62/1000*5) -> 55050.07 | E62: =VLOOKUP(A62,'2.09.2021'!A$3:'2.09.2021'!I$202,5,) -> 44372 | F62: 44462 | G62: =VLOOKUP(A62,'2.09.2021'!A$3:'2.09.2021'!I$202,7,) -> 0.11388889 | H62: =VLOOKUP(A62,'2.09.2021'!A$3:'2.09.2021'!I$202,8,) -> LATIN URBAN | I62: =VLOOKUP(A62,'2.09.2021'!A$3:'2.09.2021'!I$202,9,) -> Puerto Rico | J62: =IF(ISNUMBER(SEARCH("with",A62)),"Da","Nu") -> Nu
A63: Praise God | B63: Kanye West | C63: 10880386 | D63: =(C63/1000*5) -> 54401.93 | E63: =VLOOKUP(A63,'2.09.2021'!A$3:'2.09.2021'!I$202,5,) -> 44437 | F63: 44462 | G63: =VLOOKUP(A63,'2.09.2021'!A$3:'2.09.2021'!I$202,7,) -> 0.15694444 | H63: =VLOOKUP(A63,'2.09.2021'!A$3:'2.09.2021'!I$202,8,) -> HIP-HOP/RAP | I63: =VLOOKUP(A63,'2.09.2021'!A$3:'2.09.2021'!I$202,9,) -> SUA | J63: =IF(ISNUMBER(SEARCH("with",A63)),"Da","Nu") -> Nu
A64: Sobrio | B64: Maluma | C64: 10588661 | D64: =(C64/1000*5) -> 52943.305 | E64: =VLOOKUP(A64,'2.09.2021'!A$3:'2.09.2021'!I$202,5,) -> 44385 | F64: 44462 | G64: =VLOOKUP(A64,'2.09.2021'!A$3:'2.09.2021'!I$202,7,) -> 0.13958333 | H64: =VLOOKUP(A64,'2.09.2021'!A$3:'2.09.2021'!I$202,8,) -> LATIN URBAN | I64: =VLOOKUP(A64,'2.09.2021'!A$3:'2.09.2021'!I$202,9,) -> Columbia | J64: =IF(ISNUMBER(SEARCH("with",A64)),"Da","Nu") -> Nu
A65: Don't Be Shy | B65: TiÃ«sto | C65: 10584248 | D65: =(C65/1000*5) -> 52921.24 | E65: =VLOOKUP(A65,'2.09.2021'!A$3:'2.09.2021'!I$202,5,) -> 44320 | F65: 44462 | G65: =VLOOKUP(A65,'2.09.2021'!A$3:'2.09.2021'!I$202,7,) -> 0.14097222 | H65: =VLOOKUP(A65,'2.09.2021'!A$3:'2.09.2021'!I$202,8,) -> R&B/SOUL | I65: =VLOOKUP(A65,'2.09.2021'!A$3:'2.09.2021'!I$202,9,) -> Olanda | J65: =IF(ISNUMBER(SEARCH("with",A65)),"Da","Nu") -> Nu
A66: Entre Nosotros | B66: Tiago PZK | C66: 10495538 | D66: =(C66/1000*5) -> 52477.69 | E66: =VLOOKUP(A66,'2.09.2021'!A$3:'2.09.2021'!I$202,5,) -> 44386 | F66: 44462 | G66: =VLOOKUP(A66,'2.09.2021'!A$3:'2.09.2021'!I$202,7,) -> 0.13333333 | H66: =VLOOKUP(A66,'2.09.2021'!A$3:'2.09.2021'!I$202,8,) -> RHYTHM & BLUES | I66: =VLOOKUP(A66,'2.09.2021'!A$3:'2.09.2021'!I$202,9,) -> Argentina | J66: =IF(ISNUMBER(SEARCH("with",A66)),"Da","Nu") -> Nu
A67: Watermelon Sugar | B67: Harry Styles | C67: 10166616 | D67: =(C67/1000*5) -> 50833.08 | E67: =VLOOKUP(A67,'2.09.2021'!A$3:'2.09.2021'!I$202,5,) -> 43812 | F67: 44462 | G67: =VLOOKUP(A67,'2.09.2021'!A$3:'2.09.2021'!I$202,7,) -> 0.12013889 | H67: =VLOOKUP(A67,'2.09.2021'!A$3:'2.09.2021'!I$202,8,) -> POP | I67: =VLOOKUP(A67,'2.09.2021'!A$3:'2.09.2021'!I$202,9,) -> Marea Britanie | J67: =IF(ISNUMBER(SEARCH("with",A67)),"Da","Nu") -> Nu
A68: Leave The Door Open | B68: Bruno Mars | C68: 10154618 | D68: =(C68/1000*5) -> 50773.09 | E68: =VLOOKUP(A68,'2.09.2021'!A$3:'2.09.2021'!I$202,5,) -> 44260 | F68: 44462 | G68: =VLOOKUP(A68,'2.09.2021'!A$3:'2.09.2021'!I$202,7,) -> 0.16805556 | H68: =VLOOKUP(A68,'2.09.2021'!A$3:'2.09.2021'!I$202,8,) -> R&B/SOUL | I68: =VLOOKUP(A68,'2.09.2021'!A$3:'2.09.2021'!I$202,9,) -> Puerto Rico | J68: =IF(ISNUMBER(SEARCH("with",A68)),"Da","Nu") -> Nu
A69: Permission to Dance | B69: BTS | C69: 9964824 | D69: =(C69/1000*5) -> 49824.12 | E69: =VLOOKUP(A69,'2.09.2021'!A$3:'2.09.2021'!I$202,5,) -> 44386 | F69: 44462 | G69: =VLOOKUP(A69,'2.09.2021'!A$3:'2.09.2021'!I$202,7,) -> 0.12986111 | H69: =VLOOKUP(A69,'2.09.2021'!A$3:'2.09.2021'!I$202,8,) -> K-POP | I69: =VLOOKUP(A69,'2.09.2021'!A$3:'2.09.2021'!I$202,9,) -> Korea de Sud | J69: =IF(ISNUMBER(SEARCH("with",A69)),"Da","Nu") -> Nu
A70: happier | B70: Olivia Rodrigo | C70: 9788170 | D70: =(C70/1000*5) -> 48940.85 | E70: =VLOOKUP(A70,'2.09.2021'!A$3:'2.09.2021'!I$202,5,) -> 44337 | F70: 44462 | G70: =VLOOKUP(A70,'2.09.2021'!A$3:'2.09.2021'!I$202,7,) -> 0.12152778 | H70: =VLOOKUP(A70,'2.09.2021'!A$3:'2.09.2021'!I$202,8,) -> POP | I70: =VLOOKUP(A70,'2.09.2021'!A$3:'2.09.2021'!I$202,9,) -> SUA | J70: =IF(ISNUMBER(SEARCH("with",A70)),"Da","Nu") -> Nu
A71: Love Tonight - Edit | B71: Shouse | C71: 9719423 | D71: =(C71/1000*5) -> 48597.115 | E71: =VLOOKUP(A71,'2.09.2021'!A$3:'2.09.2021'!I$202,5,) -> 43083 | F71: 44462 | G71: =VLOOKUP(A71,'2.09.2021'!A$3:'2.09.2021'!I$202,7,) -> 0.16736111 | H71: =VLOOKUP(A71,'2.09.2021'!A$3:'2.09.2021'!I$202,8,) -> ELECTRONIC | I71: =VLOOKUP(A71,'2.09.2021'!A$3:'2.09.2021'!I$202,9,) -> Australia | J71: =IF(ISNUMBER(SEARCH("with",A71)),"Da","Nu") -> Nu
A72: Don't Go Yet | B72: Camila Cabello | C72: 9546848 | D72: =(C72/1000*5) -> 47734.24 | E72: =VLOOKUP(A72,'2.09.2021'!A$3:'2.09.2021'!I$202,5,) -> 44400 | F72: 44462 | G72: =VLOOKUP(A72,'2.09.2021'!A$3:'2.09.2021'!I$202,7,) -> 0.11388889 | H72: =VLOOKUP(A72,'2.09.2021'!A$3:'2.09.2021'!I$202,8,) -> POP | I72: =VLOOKUP(A72,'2.09.2021'!A$3:'2.09.2021'!I$202,9,) -> Cuba | J72: =IF(ISNUMBER(SEARCH("with",A72)),"Da","Nu") -> Nu
A73: Miénteme | B73: TINI | C73: 9519785 | D73: =(C73/1000*5) -> 47598.925 | E73: =VLOOKUP(A73,'2.09.2021'!A$3:'2.09.2021'!I$202,5,) -> 44317 | F73: 44462 | G73: =VLOOKUP(A73,'2.09.2021'!A$3:'2.09.2021'!I$202,7,) -> 0.11458333 | H73: =VLOOKUP(A73,'2.09.2021'!A$3:'2.09.2021'!I$202,8,) -> LATIN URBAN | I73: Puerto Rico | J73: =IF(ISNUMBER(SEARCH("with",A73)),"Da","Nu") -> Nu
A74: Dákiti | B74: Bad Bunny | C74: 9353064 | D74: =(C74/1000*5) -> 46765.32 | E74: =VLOOKUP(A74,'2.09.2021'!A$3:'2.09.2021'!I$202,5,) -> 44134 | F74: 44462 | G74: =VLOOKUP(A74,'2.09.2021'!A$3:'2.09.2021'!I$202,7,) -> 0.14236111 | H74: =VLOOKUP(A74,'2.09.2021'!A$3:'2.09.2021'!I$202,8,) -> LATIN | I74: =VLOOKUP(A74,'2.09.2021'!A$3:'2.09.2021'!I$202,9,) -> Puerto Rico | J74: =IF(ISNUMBER(SEARCH("with",A74)),"Da","Nu") -> Nu
A75: Friday (with Mufasa & Hypeman) - Dopamine Re-Edit | B75: Riton | C75: 9277029 | D75: =(C75/1000*5) -> 46385.145 | E75: =VLOOKUP(A75,'2.09.2021'!A$3:'2.09.2021'!I$202,5,) -> 44211 | F75: 44462 | G75: =VLOOKUP(A75,'2.09.2021'!A$3:'2.09.2021'!I$202,7,) -> 0.11736111 | H75: =VLOOKUP(A75,'2.09.2021'!A$3:'2.09.2021'!I$202,8,) -> DANCE | I75: =VLOOKUP(A75,'2.09.2021'!A$3:'2.09.2021'!I$202,9,) -> Marea Britanie | J75: =IF(ISNUMBER(SEARCH("with",A75)),"Da","Nu") -> Da
A76: Mood (with iann dior) | B76: 24kGoldn | C76: 9137061 | D76: =(C76/1000*5) -> 45685.305 | E76: =VLOOKUP(A76,'2.09.2021'!A$3:'2.09.2021'!I$202,5,) -> 44336 | F76: 44462 | G76: =VLOOKUP(A76,'2.09.2021'!A$3:'2.09.2021'!I$202,7,) -> 0.095138889 | H76: =VLOOKUP(A76,'2.09.2021'!A$3:'2.09.2021'!I$202,8,) -> HIP-HOP/RAP | I76: =VLOOKUP(A76,'2.09.2021'!A$3:'2.09.2021'!I$202,9,) -> SUA | J76: =IF(ISNUMBER(SEARCH("with",A76)),"Da","Nu") -> Da
A77: Ain't Shit | B77: Doja Cat | C77: 9093003 | D77: =(C77/1000*5) -> 45465.015 | E77: =VLOOKUP(A77,'2.09.2021'!A$3:'2.09.2021'!I$202,5,) -> 44372 | F77: 44462 | G77: =VLOOKUP(A77,'2.09.2021'!A$3:'2.09.2021'!I$202,7,) -> 0.12083333 | H77: =VLOOKUP(A77,'2.09.2021'!A$3:'2.09.2021'!I$202,8,) -> POP | I77: =VLOOKUP(A77,'2.09.2021'!A$3:'2.09.2021'!I$202,9,) -> SUA | J77: =IF(ISNUMBER(SEARCH("with",A77)),"Da","Nu") -> Nu
A78: 911 - Remix | B78: Sech | C78: 8942549 | D78: =(C78/1000*5) -> 44712.745 | E78: =VLOOKUP(A78,'2.09.2021'!A$3:'2.09.2021'!I$202,5,) -> 44386 | F78: 44462 | G78: =VLOOKUP(A78,'2.09.2021'!A$3:'2.09.2021'!I$202,7,) -> 0.14444444 | H78: =VLOOKUP(A78,'2.09.2021'!A$3:'2.09.2021'!I$202,8,) -> LATIN URBAN | I78: =VLOOKUP(A78,'2.09.2021'!A$3:'2.09.2021'!I$202,9,) -> Panama | J78: =IF(ISNUMBER(SEARCH("with",A78)),"Da","Nu") -> Nu
A79: Pareja Del AÃ±o | B79: Sebastian Yatra | C79: 8936748 | D79: =(C79/1000*5) -> 44683.74 | E79: =VLOOKUP(A79,'2.09.2021'!A$3:'2.09.2021'!I$202,5,) -> 44238 | F79: 44462 | G79: =VLOOKUP(A79,'2.09.2021'!A$3:'2.09.2021'!I$202,7,) -> 0.20625 | H79: =VLOOKUP(A79,'2.09.2021'!A$3:'2.09.2021'!I$202,8,) -> LATIN URBAN | I79: =VLOOKUP(A79,'2.09.2021'!A$3:'2.09.2021'!I$202,9,) -> Columbia | J79: =IF(ISNUMBER(SEARCH("with",A79)),"Da","Nu") -> Nu
A80: Don't Shut Me Down | B80: ABBA | C80: 8909165 | D80: =(C80/1000*5) -> 44545.825 | E80: 44358 | F80: 44462 | G80: 0.2875 | H80: POP | I80: Suedia | J80: =IF(ISNUMBER(SEARCH("with",A80)),"Da","Nu") -> Nu
A81: Like I Can | B81: Sam Smith | C81: 8859678 | D81: =(C81/1000*5) -> 44298.39 | E81: =VLOOKUP(A81,'2.09.2021'!A$3:'2.09.2021'!I$202,5,) -> 44276 | F81: 44462 | G81: =VLOOKUP(A81,'2.09.2021'!A$3:'2.09.2021'!I$202,7,) -> 0.175 | H81: =VLOOKUP(A81,'2.09.2021'!A$3:'2.09.2021'!I$202,8,) -> POP | I81: =VLOOKUP(A81,'2.09.2021'!A$3:'2.09.2021'!I$202,9,) -> Marea Britanie | J81: =IF(ISNUMBER(SEARCH("with",A81)),"Da","Nu") -> Nu
A82: Tiroteo - Remix | B82: Marc SeguÃ­ | C82: 8851356 | D82: =(C82/1000*5) -> 44256.78 | E82: =VLOOKUP(A82,'2.09.2021'!A$3:'2.09.2021'!I$202,5,) -> 44287 | F82: 44462 | G82: =VLOOKUP(A82,'2.09.2021'!A$3:'2.09.2021'!I$202,7,) -> 0.22291667 | H82: =VLOOKUP(A82,'2.09.2021'!A$3:'2.09.2021'!I$202,8,) -> LATIN URBAN | I82: =VLOOKUP(A82,'2.09.2021'!A$3:'2.09.2021'!I$202,9,) -> Puerto Rico | J82: =IF(ISNUMBER(SEARCH("with",A82)),"Da","Nu") -> Nu
A83: Summer of Love (Shawn Mendes & Tainy) | B83: Shawn Mendes | C83: 8826147 | D83: =(C83/1000*5) -> 44130.735 | E83: =VLOOKUP(A83,'2.09.2021'!A$3:'2.09.2021'!I$202,5,) -> 44428 | F83: 44462 | G83: =VLOOKUP(A83,'2.09.2021'!A$3:'2.09.2021'!I$202,7,) -> 0.12777778 | H83: =VLOOKUP(A83,'2.09.2021'!A$3:'2.09.2021'!I$202,8,) -> POP | I83: =VLOOKUP(A83,'2.09.2021'!A$3:'2.09.2021'!I$202,9,) -> Canada | J83: =IF(ISNUMBER(SEARCH("with",A83)),"Da","Nu") -> Nu
A84: Freaks | B84: Surf Curse | C84: 8758620 | D84: =(C84/1000*5) -> 43793.1 | E84: =VLOOKUP(A84,'2.09.2021'!A$3:'2.09.2021'!I$202,5,) -> 44229 | F84: 44462 | G84: =VLOOKUP(A84,'2.09.2021'!A$3:'2.09.2021'!I$202,7,) -> 0.14097222 | H84: =VLOOKUP(A84,'2.09.2021'!A$3:'2.09.2021'!I$202,8,) -> POP | I84: =VLOOKUP(A84,'2.09.2021'!A$3:'2.09.2021'!I$202,9,) -> SUA | J84: =IF(ISNUMBER(SEARCH("with",A84)),"Da","Nu") -> Nu
A85: Dark Red | B85: Steve Lacy | C85: 8746127 | D85: =(C85/1000*5) -> 43730.635 | E85: =VLOOKUP(A85,'2.09.2021'!A$3:'2.09.2021'!I$202,5,) -> 44306 | F85: 44462 | G85: =VLOOKUP(A85,'2.09.2021'!A$3:'2.09.2021'!I$202,7,) -> 0.15347222 | H85: =VLOOKUP(A85,'2.09.2021'!A$3:'2.09.2021'!I$202,8,) -> DANCE | I85: =VLOOKUP(A85,'2.09.2021'!A$3:'2.09.2021'!I$202,9,) -> SUA | J85: =IF(ISNUMBER(SEARCH("with",A85)),"Da","Nu") -> Nu
A86: Astronaut In The Ocean | B86: Masked Wolf | C86: 8688742 | D86: =(C86/1000*5) -> 43443.71 | E86: =VLOOKUP(A86,'2.09.2021'!A$3:'2.09.2021'!I$202,5,) -> 44438 | F86: 44462 | G86: =VLOOKUP(A86,'2.09.2021'!A$3:'2.09.2021'!I$202,7,) -> 0.16875 | H86: =VLOOKUP(A86,'2.09.2021'!A$3:'2.09.2021'!I$202,8,) -> POP | I86: =VLOOKUP(A86,'2.09.2021'!A$3:'2.09.2021'!I$202,9,) -> Australia | J86: =IF(ISNUMBER(SEARCH("with",A86)),"Da","Nu") -> Nu
A87: Believe What I Say | B87: Kanye West | C87: 8602816 | D87: =(C87/1000*5) -> 43014.08 | E87: =VLOOKUP(A87,'2.09.2021'!A$3:'2.09.2021'!I$202,5,) -> 44437 | F87: 44462 | G87: =VLOOKUP(A87,'2.09.2021'!A$3:'2.09.2021'!I$202,7,) -> 0.16805556 | H87: =VLOOKUP(A87,'2.09.2021'!A$3:'2.09.2021'!I$202,8,) -> HIP-HOP/RAP | I87: =VLOOKUP(A87,'2.09.2021'!A$3:'2.09.2021'!I$202,9,) -> SUA | J87: =IF(ISNUMBER(SEARCH("with",A87)),"Da","Nu") -> Nu
A88: Dynamite | B88: BTS | C88: 8596692 | D88: =(C88/1000*5) -> 42983.46 | E88: =VLOOKUP(A88,'2.09.2021'!A$3:'2.09.2021'!I$202,5,) -> 44459 | F88: 44462 | G88: =VLOOKUP(A88,'2.09.2021'!A$3:'2.09.2021'!I$202,7,) -> 0.097916667 | H88: =VLOOKUP(A88,'2.09.2021'!A$3:'2.09.2021'!I$202,8,) -> K-POP | I88: =VLOOKUP(A88,'2.09.2021'!A$3:'2.09.2021'!I$202,9,) -> Korea de Sud | J88: =IF(ISNUMBER(SEARCH("with",A88)),"Da","Nu") -> Nu
A89: OUT OUT (with Charli XCX & Saweetie) | B89: Joel Corry | C89: 8591860 | D89: =(C89/1000*5) -> 42959.3 | E89: =VLOOKUP(A89,'2.09.2021'!A$3:'2.09.2021'!I$202,5,) -> 44370 | F89: 44462 | G89: =VLOOKUP(A89,'2.09.2021'!A$3:'2.09.2021'!I$202,7,) -> 0.18125 | H89: =VLOOKUP(A89,'2.09.2021'!A$3:'2.09.2021'!I$202,8,) -> ROCK | I89: =VLOOKUP(A89,'2.09.2021'!A$3:'2.09.2021'!I$202,9,) -> Marea Britanie | J89: =IF(ISNUMBER(SEARCH("with",A89)),"Da","Nu") -> Da
A90: I GUESS I'M IN LOVE | B90: Clinton Kane | C90: 8574019 | D90: =(C90/1000*5) -> 42870.095 | E90: =VLOOKUP(A90,'2.09.2021'!A$3:'2.09.2021'!I$202,5,) -> 44352 | F90: 44462 | G90: =VLOOKUP(A90,'2.09.2021'!A$3:'2.09.2021'!I$202,7,) -> 0.11388889 | H90: =VLOOKUP(A90,'2.09.2021'!A$3:'2.09.2021'!I$202,8,) -> HIP-HOP/RAP | I90: =VLOOKUP(A90,'2.09.2021'!A$3:'2.09.2021'!I$202,9,) -> Norvegia | J90: =IF(ISNUMBER(SEARCH("with",A90)),"Da","Nu") -> Nu
A91: Sweater Weather | B91: The Neighbourhood | C91: 8573802 | D91: =(C91/1000*5) -> 42869.01 | E91: =VLOOKUP(A91,'2.09.2021'!A$3:'2.09.2021'!I$202,5,) -> 44230 | F91: 44462 | G91: =VLOOKUP(A91,'2.09.2021'!A$3:'2.09.2021'!I$202,7,) -> 0.095833333 | H91: =VLOOKUP(A91,'2.09.2021'!A$3:'2.09.2021'!I$202,8,) -> R&B/SOUL | I91: =VLOOKUP(A91,'2.09.2021'!A$3:'2.09.2021'!I$202,9,) -> SUA | J91: =IF(ISNUMBER(SEARCH("with",A91)),"Da","Nu") -> Nu
A92: jealousy, jealousy | B92: Olivia Rodrigo | C92: 8492457 | D92: =(C92/1000*5) -> 42462.285 | E92: =VLOOKUP(A92,'2.09.2021'!A$3:'2.09.2021'!I$202,5,) -> 44337 | F92: 44462 | G92: =VLOOKUP(A92,'2.09.2021'!A$3:'2.09.2021'!I$202,7,) -> 0.12013889 | H92: =VLOOKUP(A92,'2.09.2021'!A$3:'2.09.2021'!I$202,8,) -> POP | I92: =VLOOKUP(A92,'2.09.2021'!A$3:'2.09.2021'!I$202,9,) -> SUA | J92: =IF(ISNUMBER(SEARCH("with",A92)),"Da","Nu") -> Nu
... A97: Don't Start Now | B97: Dua Lipa | C97: 8140025 | D97: =(C97/1000*5) -> 40700.125 | E97: =VLOOKUP(A97,'2.09.2021'!A$3:'2.09.2021'!I$202,5,) -> 44248 | F97: 44462 | G97: =VLOOKUP(A97,'2.09.2021'!A$3:'2.09.2021'!I$202,7,) -> 0.11736111 | H97: =VLOOKUP(A97,'2.09.2021'!A$3:'2.09.2021'!I$202,8,) -> K-POP | I97: =VLOOKUP(A97,'2.09.2021'!A$3:'2.09.2021'!I$202,9,) -> Marea Britanie | J97: =IF(ISNUMBER(SEARCH("with",A97)),"Da","Nu") -> Nu
A98: Life Goes On | B98: Oliver Tree | C98: 8106553 | D98: =(C98/1000*5) -> 40532.765 | E98: 44460 | F98: 44462 | G98: 0.13958333 | H98: POP | I98: SUA | J98: =IF(ISNUMBER(SEARCH("with",A98)),"Da","Nu") -> Nu
A99: Love Again | B99: Dua Lipa | C99: 8078512 | D99: =(C99/1000*5) -> 40392.56 | E99: =VLOOKUP(A99,'2.09.2021'!A$3:'2.09.2021'!I$202,5,) -> 44259 | F99: 44462 | G99: =VLOOKUP(A99,'2.09.2021'!A$3:'2.09.2021'!I$202,7,) -> 0.14027778 | H99: =VLOOKUP(A99,'2.09.2021'!A$3:'2.09.2021'!I$202,8,) -> ELECTRONIC | I99: =VLOOKUP(A99,'2.09.2021'!A$3:'2.09.2021'!I$202,9,) -> Marea Britanie | J99: =IF(ISNUMBER(SEARCH("with",A99)),"Da","Nu") -> Nu
A100: Chega E Senta - Ao Vivo | B100: John Amplificado | C100: 8043658 | D100: =(C100/1000*5) -> 40218.29 | E100: =VLOOKUP(A100,'2.09.2021'!A$3:'2.09.2021'!I$202,5,) -> 44307 | F100: 44462 | G100: =VLOOKUP(A100,'2.09.2021'!A$3:'2.09.2021'!I$202,7,) -> 0.14583333 | H100: =VLOOKUP(A100,'2.09.2021'!A$3:'2.09.2021'!I$202,8,) -> R&B/SOUL | I100: =VLOOKUP(A100,'2.09.2021'!A$3:'2.09.2021'!I$202,9,) -> Brazilia | J100: =IF(ISNUMBER(SEARCH("with",A100)),"Da","Nu") -> Nu
A101: favorite crime | B101: Olivia Rodrigo | C101: 7929613 | D101: =(C101/1000*5) -> 39648.065 | E101: =VLOOKUP(A101,'2.09.2021'!A$3:'2.09.2021'!I$202,5,) -> 44346 | F101: 44462 | G101: =VLOOKUP(A101,'2.09.2021'!A$3:'2.09.2021'!I$202,7,) -> 0.14930556 | H101: =VLOOKUP(A101,'2.09.2021'!A$3:'2.09.2021'!I$202,8,) -> ALTERNATIVE | I101: =VLOOKUP(A101,'2.09.2021'!A$3:'2.09.2021'!I$202,9,) -> SUA | J101: =IF(ISNUMBER(SEARCH("with",A101)),"Da","Nu") -> Nu
A102: Butter (with Megan Thee Stallion) | B102: BTS | C102: 7911481 | D102: =(C102/1000*5) -> 39557.405 | E102: =VLOOKUP(A102,'2.09.2021'!A$3:'2.09.2021'!I$202,5,) -> 44435 | F102: 44462 | G102: =VLOOKUP(A102,'2.09.2021'!A$3:'2.09.2021'!I$202,7,) -> 0.11388889 | H102: =VLOOKUP(A102,'2.09.2021'!A$3:'2.09.2021'!I$202,8,) -> K-POP | I102: =VLOOKUP(A102,'2.09.2021'!A$3:'2.09.2021'!I$202,9,) -> Korea de Sud | J102: =IF(ISNUMBER(SEARCH("with",A102)),"Da","Nu") -> Da
A103: Loco | B103: Justin Quiles | C103: 7836290 | D103: =(C103/1000*5) -> 39181.45 | E103: =VLOOKUP(A103,'2.09.2021'!A$3:'2.09.2021'!I$202,5,) -> 44309 | F103: 44462 | G103: =VLOOKUP(A103,'2.09.2021'!A$3:'2.09.2021'!I$202,7,) -> 0.19930556 | H103: =VLOOKUP(A103,'2.09.2021'!A$3:'2.09.2021'!I$202,8,) -> K-POP | I103: =VLOOKUP(A103,'2.09.2021'!A$3:'2.09.2021'!I$202,9,) -> SUA | J103: =IF(ISNUMBER(SEARCH("with",A103)),"Da","Nu") -> Nu
A104: double take | B104: dhruv | C104: 7754498 | D104: =(C104/1000*5) -> 38772.49 | E104: =VLOOKUP(A104,'2.09.2021'!A$3:'2.09.2021'!I$202,5,) -> 44406 | F104: 44462 | G104: =VLOOKUP(A104,'2.09.2021'!A$3:'2.09.2021'!I$202,7,) -> 0.14652778 | H104: =VLOOKUP(A104,'2.09.2021'!A$3:'2.09.2021'!I$202,8,) -> LATIN | I104: =VLOOKUP(A104,'2.09.2021'!A$3:'2.09.2021'!I$202,9,) -> India | J104: =IF(ISNUMBER(SEARCH("with",A104)),"Da","Nu") -> Nu
A105: Save Your Tears | B105: The Weeknd | C105: 7644771 | D105: =(C105/1000*5) -> 38223.855 | E105: =VLOOKUP(A105,'2.09.2021'!A$3:'2.09.2021'!I$202,5,) -> 44209 | F105: 44462 | G105: =VLOOKUP(A105,'2.09.2021'!A$3:'2.09.2021'!I$202,7,) -> 0.16875 | H105: =VLOOKUP(A105,'2.09.2021'!A$3:'2.09.2021'!I$202,8,) -> ELECTRONIC | I105: =VLOOKUP(A105,'2.09.2021'!A$3:'2.09.2021'!I$202,9,) -> Canada | J105: =IF(ISNUMBER(SEARCH("with",A105)),"Da","Nu") -> Nu
...

Sheet 30.09.2021
A1: Numele Melodiei | B1: Artist | C1: Numar vizualizari | D1: Venituri (nr vizulizari/1000*5) | E1: Data Lansarii | F1: Aparitii in top 200 | G1: Durata Melodiei | H1: Genul de Muzica | I1: Nationalitatea Artistului | J1: Colaborare
A3: STAY (with Justin Bieber) | B3: The Kid LAROI | C3: 55885730 | D3: =(C3/1000*5) -> 279428.65 | E3: =VLOOKUP(A3,'2.09.2021'!A$3:'2.09.2021'!I$202,5,) -> 44386 | F3: 44469 | G3: =VLOOKUP(A3,'2.09.2021'!A$3:'2.09.2021'!I$202,7,) -> 0.097916667 | H3: =VLOOKUP(A3,'2.09.2021'!A$3:'2.09.2021'!I$202,8,) -> POP | I3: =VLOOKUP(A3,'2.09.2021'!A$3:'2.09.2021'!I$202,9,) -> Australia | J3: =IF(ISNUMBER(SEARCH("with",A3)),"Da","Nu") -> Da
A4: INDUSTRY BABY (with Jack Harlow) | B4: Lil Nas X | C4: 47510601 | D4: =(C4/1000*5) -> 237553.01 | E4: =VLOOKUP(A4,'2.09.2021'!A$3:'2.09.2021'!I$202,5,) -> 44400 | F4: 44469 | G4: =VLOOKUP(A4,'2.09.2021'!A$3:'2.09.2021'!I$202,7,) -> 0.14722222 | H4: =VLOOKUP(A4,'2.09.2021'!A$3:'2.09.2021'!I$202,8,) -> HIP-HOP/RAP | I4: =VLOOKUP(A4,'2.09.2021'!A$3:'2.09.2021'!I$202,9,) -> SUA | J4: =IF(ISNUMBER(SEARCH("with",A4)),"Da","Nu") -> Da
A5: My Universe | B5: Coldplay | C5: 32790116 | D5: =(C5/1000*5) -> 163950.58 | E5: 44339 | F5: 44469 | G5: 0.14097222 | H5: ROCK | I5: Marea Britanie | J5: =IF(ISNUMBER(SEARCH("with",A5)),"Da","Nu") -> Nu
A6: Heat Waves | B6: Glass Animals | C6: 31067813 | D6: =(C6/1000*5) -> 155339.07 | E6: =VLOOKUP(A6,'2.09.2021'!A$3:'2.09.2021'!I$202,5,) -> 44050 | F6: 44469 | G6: =VLOOKUP(A6,'2.09.2021'!A$3:'2.09.2021'!I$202,7,) -> 0.16527778 | H6: =VLOOKUP(A6,'2.09.2021'!A$3:'2.09.2021'!I$202,8,) -> POP | I6: =VLOOKUP(A6,'2.09.2021'!A$3:'2.09.2021'!I$202,9,) -> Marea Britanie | J6: =IF(ISNUMBER(SEARCH("with",A6)),"Da","Nu") -> Nu
A7: Pepas | B7: Farruko | C7: 29289287 | D7: =(C7/1000*5) -> 146446.43 | E7: =VLOOKUP(A7,'2.09.2021'!A$3:'2.09.2021'!I$202,5,) -> 44538 | F7: 44469 | G7: =VLOOKUP(A7,'2.09.2021'!A$3:'2.09.2021'!I$202,7,) -> 0.19930556 | H7: =VLOOKUP(A7,'2.09.2021'!A$3:'2.09.2021'!I$202,8,) -> LATIN URBAN | I7: =VLOOKUP(A7,'2.09.2021'!A$3:'2.09.2021'!I$202,9,) -> Puerto Rico | J7: =IF(ISNUMBER(SEARCH("with",A7)),"Da","Nu") -> Nu
A8: Bad Habits | B8: Ed Sheeran | C8: 29024050 | D8: =(C8/1000*5) -> 145120.25 | E8: =VLOOKUP(A8,'2.09.2021'!A$3:'2.09.2021'!I$202,5,) -> 44358 | F8: 44469 | G8: =VLOOKUP(A8,'2.09.2021'!A$3:'2.09.2021'!I$202,7,) -> 0.14722222 | H8: =VLOOKUP(A8,'2.09.2021'!A$3:'2.09.2021'!I$202,8,) -> POP | I8: =VLOOKUP(A8,'2.09.2021'!A$3:'2.09.2021'!I$202,9,) -> Marea Britanie | J8: =IF(ISNUMBER(SEARCH("with",A8)),"Da","Nu") -> Nu
A9: Woman | B9: Doja Cat | C9: 27995514 | D9: =(C9/1000*5) -> 139977.57 | E9: =VLOOKUP(A9,'2.09.2021'!A$3:'2.09.2021'!I$202,5,) -> 44374 | F9: 44469 | G9: =VLOOKUP(A9,'2.09.2021'!A$3:'2.09.2021'!I$202,7,) -> 0.10069444 | H9: =VLOOKUP(A9,'2.09.2021'!A$3:'2.09.2021'!I$202,8,) -> POP | I9: =VLOOKUP(A9,'2.09.2021'!A$3:'2.09.2021'!I$202,9,) -> SUA | J9: =IF(ISNUMBER(SEARCH("with",A9)),"Da","Nu") -> Nu
A10: Shivers | B10: Ed Sheeran | C10: 26022703 | D10: =(C10/1000*5) -> 130113.52 | E10: 44315 | F10: 44469 | G10: 0.10555556 | H10: POP | I10: Marea Britanie | J10: =IF(ISNUMBER(SEARCH("with",A10)),"Da","Nu") -> Nu
A11: THATS WHAT I WANT | B11: Lil Nas X | C11: 25839821 | D11: =(C11/1000*5) -> 129199.1 | E11: 44316 | F11: 44469 | G11: 0.18125 | H11: POP | I11: SUA | J11: =IF(ISNUMBER(SEARCH("with",A11)),"Da","Nu") -> Nu
A12: Beggin' | B12: Måneskin | C12: 24387323 | D12: =(C12/1000*5) -> 121936.62 | E12: =VLOOKUP(A12,'2.09.2021'!A$3:'2.09.2021'!I$202,5,) -> 43077 | F12: 44469 | G12: =VLOOKUP(A12,'2.09.2021'!A$3:'2.09.2021'!I$202,7,) -> 0.14652778 | H12: =VLOOKUP(A12,'2.09.2021'!A$3:'2.09.2021'!I$202,8,) -> ROCK | I12: =VLOOKUP(A12,'2.09.2021'!A$3:'2.09.2021'!I$202,9,) -> Italia | J12: =IF(ISNUMBER(SEARCH("with",A12)),"Da","Nu") -> Nu
A13: good 4 u | B13: Olivia Rodrigo | C13: 23551560 | D13: =(C13/1000*5) -> 117757.8 | E13: =VLOOKUP(A13,'2.09.2021'!A$3:'2.09.2021'!I$202,5,) -> 44337 | F13: 44469 | G13: =VLOOKUP(A13,'2.09.2021'!A$3:'2.09.2021'!I$202,7,) -> 0.12361111 | H13: =VLOOKUP(A13,'2.09.2021'!A$3:'2.09.2021'!I$202,8,) -> POP | I13: =VLOOKUP(A13,'2.09.2021'!A$3:'2.09.2021'!I$202,9,) -> SUA | J13: =IF(ISNUMBER(SEARCH("with",A13)),"Da","Nu") -> Nu
A14: MONTERO (Call Me By Your Name) | B14: Lil Nas X | C14: 23544094 | D14: =(C14/1000*5) -> 117720.47 | E14: =VLOOKUP(A14,'2.09.2021'!A$3:'2.09.2021'!I$202,5,) -> 44456 | F14: 44469 | G14: =VLOOKUP(A14,'2.09.2021'!A$3:'2.09.2021'!I$202,7,) -> 0.095138889 | H14: =VLOOKUP(A14,'2.09.2021'!A$3:'2.09.2021'!I$202,8,) -> POP | I14: =VLOOKUP(A14,'2.09.2021'!A$3:'2.09.2021'!I$202,9,) -> SUA | J14: =IF(ISNUMBER(SEARCH("with",A14)),"Da","Nu") -> Nu
A15: Way 2 Sexy (with Future & Young Thug) | B15: Drake | C15: 20625145 | D15: =(C15/1000*5) -> 103125.73 | E15: 44246 | F15: 44469 | G15: 0.16388889 | H15: HIP-HOP/RAP | I15: Canada | J15: =IF(ISNUMBER(SEARCH("with",A15)),"Da","Nu") -> Da
A16: Need To Know | B16: Doja Cat | C16: 20494448 | D16: =(C16/1000*5) -> 102472.24 | E16: =VLOOKUP(A16,'2.09.2021'!A$3:'2.09.2021'!I$202,5,) -> 44371 | F16: 44469 | G16: =VLOOKUP(A16,'2.09.2021'!A$3:'2.09.2021'!I$202,7,) -> 0.14583333 | H16: =VLOOKUP(A16,'2.09.2021'!A$3:'2.09.2021'!I$202,8,) -> POP | I16: =VLOOKUP(A16,'2.09.2021'!A$3:'2.09.2021'!I$202,9,) -> SUA | J16: =IF(ISNUMBER(SEARCH("with",A16)),"Da","Nu") -> Nu
A17: Happier Than Ever | B17: Billie Eilish | C17: 19975909 | D17: =(C17/1000*5) -> 99879.545 | E17: =VLOOKUP(A17,'2.09.2021'!A$3:'2.09.2021'!I$202,5,) -> 44407 | F17: 44469 | G17: =VLOOKUP(A17,'2.09.2021'!A$3:'2.09.2021'!I$202,7,) -> 0.20694444 | H17: =VLOOKUP(A17,'2.09.2021'!A$3:'2.09.2021'!I$202,8,) -> ALTERNATIVE | I17: =VLOOKUP(A17,'2.09.2021'!A$3:'2.09.2021'!I$202,9,) -> SUA | J17: =IF(ISNUMBER(SEARCH("with",A17)),"Da","Nu") -> Nu
A18: love nwantiti (ah ah ah) | B18: CKay | C18: 19974579 | D18: =(C18/1000*5) -> 99872.895 | E18: 44337 | F18: 44469 | G18: 0.10138889 | H18: AFROBEATS | I18: Africa | J18: =IF(ISNUMBER(SEARCH("with",A18)),"Da","Nu") -> Nu
A19: Cold Heart - PNAU Remix | B19: Elton John | C19: 19485554 | D19: =(C19/1000*5) -> 97427.77 | E19: =VLOOKUP(A19,'2.09.2021'!A$3:'2.09.2021'!I$202,5,) -> 44421 | F19: 44469 | G19: =VLOOKUP(A19,'2.09.2021'!A$3:'2.09.2021'!I$202,7,) -> 0.14027778 | H19: =VLOOKUP(A19,'2.09.2021'!A$3:'2.09.2021'!I$202,8,) -> POP | I19: =VLOOKUP(A19,'2.09.2021'!A$3:'2.09.2021'!I$202,9,) -> Marea Britanie | J19: =IF(ISNUMBER(SEARCH("with",A19)),"Da","Nu") -> Nu
A20: Life Goes On | B20: Oliver Tree | C20: 19268564 | D20: =(C20/1000*5) -> 96342.82 | E20: 44197 | F20: 44469 | G20: 0.12569444 | H20: POP | I20: SUA | J20: =IF(ISNUMBER(SEARCH("with",A20)),"Da","Nu") -> Nu
A21: Kiss Me More (with SZA) | B21: Doja Cat | C21: 18642369 | D21: =(C21/1000*5) -> 93211.845 | E21: =VLOOKUP(A21,'2.09.2021'!A$3:'2.09.2021'!I$202,5,) -> 44295 | F21: 44469 | G21: =VLOOKUP(A21,'2.09.2021'!A$3:'2.09.2021'!I$202,7,) -> 0.14444444 | H21: =VLOOKUP(A21,'2.09.2021'!A$3:'2.09.2021'!I$202,8,) -> POP | I21: =VLOOKUP(A21,'2.09.2021'!A$3:'2.09.2021'!I$202,9,) -> SUA | J21: =IF(ISNUMBER(SEARCH("with",A21)),"Da","Nu") -> Da
A22: Fair Trade (with Travis Scott) | B22: Drake | C22: 16714273 | D22: =(C22/1000*5) -> 83571.365 | E22: 44341 | F22: 44469 | G22: 0.14861111 | H22: HIP-HOP/RAP | I22: Canada | J22: =IF(ISNUMBER(SEARCH("with",A22)),"Da","Nu") -> Da
A23: love nwantiti (with Dj Yo! & AX'EL) - Remix | B23: CKay | C23: 16305632 | D23: =(C23/1000*5) -> 81528.16 | E23: 44437 | F23: 44469 | G23: 0.18125 | H23: AFROBEATS | I23: Africa | J23: =IF(ISNUMBER(SEARCH("with",A23)),"Da","Nu") -> Da
A24: Yonaguni | B24: Bad Bunny | C24: 16199560 | D24: =(C24/1000*5) -> 80997.8 | E24: =VLOOKUP(A24,'2.09.2021'!A$3:'2.09.2021'!I$202,5,) -> 44351 | F24: 44469 | G24: =VLOOKUP(A24,'2.09.2021'!A$3:'2.09.2021'!I$202,7,) -> 0.14305556 | H24: =VLOOKUP(A24,'2.09.2021'!A$3:'2.09.2021'!I$202,8,) -> LATIN URBAN | I24: =VLOOKUP(A24,'2.09.2021'!A$3:'2.09.2021'!I$202,9,) -> Puerto Rico | J24: =IF(ISNUMBER(SEARCH("with",A24)),"Da","Nu") -> Nu
A25: Todo De Ti | B25: Rauw Alejandro | C25: 15778535 | D25: =(C25/1000*5) -> 78892.675 | E25: =VLOOKUP(A25,'2.09.2021'!A$3:'2.09.2021'!I$202,5,) -> 44338 | F25: 44469 | G25: =VLOOKUP(A25,'2.09.2021'!A$3:'2.09.2021'!I$202,7,) -> 0.13819444 | H25: =VLOOKUP(A25,'2.09.2021'!A$3:'2.09.2021'!I$202,8,) -> LATIN URBAN | I25: =VLOOKUP(A25,'2.09.2021'!A$3:'2.09.2021'!I$202,9,) -> Puerto Rico | J25: =IF(ISNUMBER(SEARCH("with",A25)),"Da","Nu") -> Nu
A26: Knife Talk (with 21 Savage ft. Project Pat) | B26: Drake | C26: 15077355 | D26: =(C26/1000*5) -> 75386.775 | E26: 44313 | F26: 44469 | G26: 0.16180556 | H26: HIP-HOP/RAP | I26: Canada | J26: =IF(ISNUMBER(SEARCH("with",A26)),"Da","Nu") -> Da
A27: Volví | B27: Aventura | C27: 15058863 | D27: =(C27/1000*5) -> 75294.315 | E27: =VLOOKUP(A27,'2.09.2021'!A$3:'2.09.2021'!I$202,5,) -> 44411 | F27: 44469 | G27: 0.10555556 | H27: POP | I27: Suedia | J27: =IF(ISNUMBER(SEARCH("with",A27)),"Da","Nu") -> Nu
A28: traitor | B28: Olivia Rodrigo | C28: 14875224 | D28: =(C28/1000*5) -> 74376.12 | E28: =VLOOKUP(A28,'2.09.2021'!A$3:'2.09.2021'!I$202,5,) -> 44337 | F28: 44469 | G28: =VLOOKUP(A28,'2.09.2021'!A$3:'2.09.2021'!I$202,7,) -> 0.15902778 | H28: =VLOOKUP(A28,'2.09.2021'!A$3:'2.09.2021'!I$202,8,) -> POP | I28: =VLOOKUP(A28,'2.09.2021'!A$3:'2.09.2021'!I$202,9,) -> SUA | J28: =IF(ISNUMBER(SEARCH("with",A28)),"Da","Nu") -> Nu
A29: Levitating (with DaBaby) | B29: Dua Lipa | C29: 14800239 | D29: =(C29/1000*5) -> 74001.195 | E29: =VLOOKUP(A29,'2.09.2021'!A$3:'2.09.2021'!I$202,5,) -> 43917 | F29: 44469 | G29: =VLOOKUP(A29,'2.09.2021'!A$3:'2.09.2021'!I$202,7,) -> 0.14097222 | H29: =VLOOKUP(A29,'2.09.2021'!A$3:'2.09.2021'!I$202,8,) -> POP | I29: =VLOOKUP(A29,'2.09.2021'!A$3:'2.09.2021'!I$202,9,) -> Marea Britanie | J29: =IF(ISNUMBER(SEARCH("with",A29)),"Da","Nu") -> Da
A30: LALISA | B30: LISA | C30: 14488602 | D30: =(C30/1000*5) -> 72443.01 | E30: 44257 | F30: 44469 | G30: 0.13888889 | H30: HIP-HOP/RAP | I30: Tailanda | J30: =IF(ISNUMBER(SEARCH("with",A30)),"Da","Nu") -> Nu
A31: In Da Getto | B31: J Balvin | C31: 14189564 | D31: =(C31/1000*5) -> 70947.82 | E31: =VLOOKUP(A31,'2.09.2021'!A$3:'2.09.2021'!I$202,5,) -> 44379 | F31: 44469 | G31: =VLOOKUP(A31,'2.09.2021'!A$3:'2.09.2021'!I$202,7,) -> 0.090277778 | H31: =VLOOKUP(A31,'2.09.2021'!A$3:'2.09.2021'!I$202,8,) -> LATIN URBAN | I31: =VLOOKUP(A31,'2.09.2021'!A$3:'2.09.2021'!I$202,9,) -> Columbia | J31: =IF(ISNUMBER(SEARCH("with",A31)),"Da","Nu") -> Nu
A32: Peaches (with Daniel Caesar & Giveon) | B32: Justin Bieber | C32: 13613633 | D32: =(C32/1000*5) -> 68068.165 | E32: =VLOOKUP(A32,'2.09.2021'!A$3:'2.09.2021'!I$202,5,) -> 44274 | F32: 44469 | G32: =VLOOKUP(A32,'2.09.2021'!A$3:'2.09.2021'!I$202,7,) -> 0.1375 | H32: =VLOOKUP(A32,'2.09.2021'!A$3:'2.09.2021'!I$202,8,) -> POP | I32: =VLOOKUP(A32,'2.09.2021'!A$3:'2.09.2021'!I$202,9,) -> Canada | J32: =IF(ISNUMBER(SEARCH("with",A32)),"Da","Nu") -> Da
A33: MONEY | B33: LISA | C33: 13545135 | D33: =(C33/1000*5) -> 67725.675 | E33: 44445 | F33: 44469 | G33: 0.098611111 | H33: POP | I33: Canada | J33: =IF(ISNUMBER(SEARCH("with",A33)),"Da","Nu") -> Nu
A34: Take My Breath | B34: The Weeknd | C34: 13244817 | D34: =(C34/1000*5) -> 66224.085 | E34: =VLOOKUP(A34,'2.09.2021'!A$3:'2.09.2021'!I$202,5,) -> 44414 | F34: 44469 | G34: =VLOOKUP(A34,'2.09.2021'!A$3:'2.09.2021'!I$202,7,) -> 0.15277778 | H34: =VLOOKUP(A34,'2.09.2021'!A$3:'2.09.2021'!I$202,8,) -> R&B/SOUL | I34: =VLOOKUP(A34,'2.09.2021'!A$3:'2.09.2021'!I$202,9,) -> Canada | J34: =IF(ISNUMBER(SEARCH("with",A34)),"Da","Nu") -> Nu
A35: Meet Me At Our Spot | B35: THE ANXIETY | C35: 13161436 | D35: =(C35/1000*5) -> 65807.18 | E35: 44347 | F35: 44469 | G35: 0.15625 | H35: POP | I35: SUA | J35: =IF(ISNUMBER(SEARCH("with",A35)),"Da","Nu") -> Nu
A36: Qué Más Pues? | B36: J Balvin | C36: 12845957 | D36: =(C36/1000*5) -> 64229.785 | E36: =VLOOKUP(A36,'2.09.2021'!A$3:'2.09.2021'!I$202,5,) -> 44344 | F36: 44469 | G36: =VLOOKUP(A36,'2.09.2021'!A$3:'2.09.2021'!I$202,7,) -> 0.15069444 | H36: =VLOOKUP(A36,'2.09.2021'!A$3:'2.09.2021'!I$202,8,) -> LATIN URBAN | I36: =VLOOKUP(A36,'2.09.2021'!A$3:'2.09.2021'!I$202,9,) -> Columbia | J36: =IF(ISNUMBER(SEARCH("with",A36)),"Da","Nu") -> Nu
A37: Blinding Lights | B37: The Weeknd | C37: 12810321 | D37: =(C37/1000*5) -> 64051.605 | E37: =VLOOKUP(A37,'2.09.2021'!A$3:'2.09.2021'!I$202,5,) -> 43798 | F37: 44469 | G37: =VLOOKUP(A37,'2.09.2021'!A$3:'2.09.2021'!I$202,7,) -> 0.13958333 | H37: =VLOOKUP(A37,'2.09.2021'!A$3:'2.09.2021'!I$202,8,) -> R&B/SOUL | I37: =VLOOKUP(A37,'2.09.2021'!A$3:'2.09.2021'!I$202,9,) -> Canada | J37: =IF(ISNUMBER(SEARCH("with",A37)),"Da","Nu") -> Nu
A38: Girls Want Girls (with Lil Baby) | B38: Drake | C38: 12790468 | D38: =(C38/1000*5) -> 63952.34 | E38: 44359 | F38: 44469 | G38: 0.14861111 | H38: HIP-HOP/RAP | I38: Canada | J38: =IF(ISNUMBER(SEARCH("with",A38)),"Da","Nu") -> Da
A39: Hurricane | B39: Kanye West | C39: 12717295 | D39: =(C39/1000*5) -> 63586.475 | E39: =VLOOKUP(A39,'2.09.2021'!A$3:'2.09.2021'!I$202,5,) -> 44416 | F39: 44469 | G39: =VLOOKUP(A39,'2.09.2021'!A$3:'2.09.2021'!I$202,7,) -> 0.16875 | H39: =VLOOKUP(A39,'2.09.2021'!A$3:'2.09.2021'!I$202,8,) -> HIP-HOP/RAP | I39: =VLOOKUP(A39,'2.09.2021'!A$3:'2.09.2021'!I$202,9,) -> SUA | J39: =IF(ISNUMBER(SEARCH("with",A39)),"Da","Nu") -> Nu
A40: I WANNA BE YOUR SLAVE | B40: Måneskin | C40: 12345473 | D40: =(C40/1000*5) -> 61727.365 | E40: =VLOOKUP(A40,'2.09.2021'!A$3:'2.09.2021'!I$202,5,) -> 44274 | F40: 44469 | G40: =VLOOKUP(A40,'2.09.2021'!A$3:'2.09.2021'!I$202,7,) -> 0.12013889 | H40: =VLOOKUP(A40,'2.09.2021'!A$3:'2.09.2021'!I$202,8,) -> ROCK | I40: =VLOOKUP(A40,'2.09.2021'!A$3:'2.09.2021'!I$202,9,) -> Italia | J40: =IF(ISNUMBER(SEARCH("with",A40)),"Da","Nu") -> Nu
A41: Butter | B41: BTS | C41: 12286136 | D41: =(C41/1000*5) -> 61430.68 | E41: =VLOOKUP(A41,'2.09.2021'!A$3:'2.09.2021'!I$202,5,) -> 44337 | F41: 44469 | G41: =VLOOKUP(A41,'2.09.2021'!A$3:'2.09.2021'!I$202,7,) -> 0.11388889 | H41: =VLOOKUP(A41,'2.09.2021'!A$3:'2.09.2021'!I$202,8,) -> K-POP | I41: =VLOOKUP(A41,'2.09.2021'!A$3:'2.09.2021'!I$202,9,) -> Korea de Sud | J41: =IF(ISNUMBER(SEARCH("with",A41)),"Da","Nu") -> Nu
A42: Save Your Tears (with Ariana Grande) (Remix) | B42: The Weeknd | C42: 12206040 | D42: =(C42/1000*5) -> 61030.2 | E42: =VLOOKUP(A42,'2.09.2021'!A$3:'2.09.2021'!I$202,5,) -> 43910 | F42: 44469 | G42: =VLOOKUP(A42,'2.09.2021'!A$3:'2.09.2021'!I$202,7,) -> 0.14930556 | H42: =VLOOKUP(A42,'2.09.2021'!A$3:'2.09.2021'!I$202,8,) -> R&B/SOUL | I42: =VLOOKUP(A42,'2.09.2021'!A$3:'2.09.2021'!I$202,9,) -> Canada | J42: =IF(ISNUMBER(SEARCH("with",A42)),"Da","Nu") -> Da
A43: drivers license | B43: Olivia Rodrigo | C43: 11602712 | D43: =(C43/1000*5) -> 58013.56 | E43: =VLOOKUP(A43,'2.09.2021'!A$3:'2.09.2021'!I$202,5,) -> 44204 | F43: 44469 | G43: =VLOOKUP(A43,'2.09.2021'!A$3:'2.09.2021'!I$202,7,) -> 0.16805556 | H43: =VLOOKUP(A43,'2.09.2021'!A$3:'2.09.2021'!I$202,8,) -> POP | I43: =VLOOKUP(A43,'2.09.2021'!A$3:'2.09.2021'!I$202,9,) -> SUA | J43: =IF(ISNUMBER(SEARCH("with",A43)),"Da","Nu") -> Nu
A44: Don't Be Shy | B44: TiÃ«sto | C44: 11587692 | D44: =(C44/1000*5) -> 57938.46 | E44: =VLOOKUP(A44,'2.09.2021'!A$3:'2.09.2021'!I$202,5,) -> 44320 | F44: 44469 | G44: =VLOOKUP(A44,'2.09.2021'!A$3:'2.09.2021'!I$202,7,) -> 0.14097222 | H44: =VLOOKUP(A44,'2.09.2021'!A$3:'2.09.2021'!I$202,8,) -> R&B/SOUL | I44: =VLOOKUP(A44,'2.09.2021'!A$3:'2.09.2021'!I$202,9,) -> Olanda | J44: =IF(ISNUMBER(SEARCH("with",A44)),"Da","Nu") -> Nu
A45: 2055 | B45: Sleepy Hallow | C45: 11579376 | D45: =(C45/1000*5) -> 57896.88 | E45: =VLOOKUP(A45,'2.09.2021'!A$3:'2.09.2021'!I$202,5,) -> 44300 | F45: 44469 | G45: =VLOOKUP(A45,'2.09.2021'!A$3:'2.09.2021'!I$202,7,) -> 0.085416667 | H45: =VLOOKUP(A45,'2.09.2021'!A$3:'2.09.2021'!I$202,8,) -> HIP-HOP/RAP | I45: =VLOOKUP(A45,'2.09.2021'!A$3:'2.09.2021'!I$202,9,) -> Jamaica | J45: =IF(ISNUMBER(SEARCH("with",A45)),"Da","Nu") -> Nu
A46: Wildest Dreams (Taylor's Version) | B46: Taylor Swift | C46: 11464000 | D46: =(C46/1000*5) -> 57320 | E46: 44370 | F46: 44469 | G46: 0.11527778 | H46: POP | I46: SUA | J46: =IF(ISNUMBER(SEARCH("with",A46)),"Da","Nu") -> Nu
A47: Ley Seca | B47: Jhay Cortez | C47: 11418146 | D47: =(C47/1000*5) -> 57090.73 | E47: 44370 | F47: 44469 | G47: 0.099305556 | H47: LATIN URBAN | I47: Puerto Rico | J47: =IF(ISNUMBER(SEARCH("with",A47)),"Da","Nu") -> Nu
A48: Cúrame | B48: Rauw Alejandro | C48: 11345113 | D48: =(C48/1000*5) -> 56725.565 | E48: =VLOOKUP(A48,'2.09.2021'!A$3:'2.09.2021'!I$202,5,) -> 44372 | F48: 44469 | G48: =VLOOKUP(A48,'2.09.2021'!A$3:'2.09.2021'!I$202,7,) -> 0.11388889 | H48: =VLOOKUP(A48,'2.09.2021'!A$3:'2.09.2021'!I$202,8,) -> LATIN URBAN | I48: =VLOOKUP(A48,'2.09.2021'!A$3:'2.09.2021'!I$202,9,) -> Puerto Rico | J48: =IF(ISNUMBER(SEARCH("with",A48)),"Da","Nu") -> Nu
A49: Get Into It (Yuh) | B49: Doja Cat | C49: 10881176 | D49: =(C49/1000*5) -> 54405.88 | E49: =VLOOKUP(A49,'2.09.2021'!A$3:'2.09.2021'!I$202,5,) -> 44372 | F49: 44469 | G49: =VLOOKUP(A49,'2.09.2021'!A$3:'2.09.2021'!I$202,7,) -> 0.095833333 | H49: =VLOOKUP(A49,'2.09.2021'!A$3:'2.09.2021'!I$202,8,) -> POP | I49: =VLOOKUP(A49,'2.09.2021'!A$3:'2.09.2021'!I$202,9,) -> SUA | J49: =IF(ISNUMBER(SEARCH("with",A49)),"Da","Nu") -> Nu
A50: Where Are You Now | B50: Lost Frequencies | C50: 10746236 | D50: =(C50/1000*5) -> 53731.18 | E50: 44366 | F50: 44469 | G50: 0.24930556 | H50: POP | I50: Belgia | J50: =IF(ISNUMBER(SEARCH("with",A50)),"Da","Nu") -> Nu
A51: Sobrio | B51: Maluma | C51: 10645133 | D51: =(C51/1000*5) -> 53225.665 | E51: =VLOOKUP(A51,'2.09.2021'!A$3:'2.09.2021'!I$202,5,) -> 44385 | F51: 44469 | G51: =VLOOKUP(A51,'2.09.2021'!A$3:'2.09.2021'!I$202,7,) -> 0.13958333 | H51: =VLOOKUP(A51,'2.09.2021'!A$3:'2.09.2021'!I$202,8,) -> LATIN URBAN | I51: =VLOOKUP(A51,'2.09.2021'!A$3:'2.09.2021'!I$202,9,) -> Columbia | J51: =IF(ISNUMBER(SEARCH("with",A51)),"Da","Nu") -> Nu
A52: AM Remix | B52: Nio Garcia | C52: 10482746 | D52: =(C52/1000*5) -> 52413.73 | E52: =VLOOKUP(A52,'2.09.2021'!A$3:'2.09.2021'!I$202,5,) -> 44371 | F52: 44469 | G52: =VLOOKUP(A52,'2.09.2021'!A$3:'2.09.2021'!I$202,7,) -> 0.18125 | H52: =VLOOKUP(A52,'2.09.2021'!A$3:'2.09.2021'!I$202,8,) -> LATIN URBAN | I52: =VLOOKUP(A52,'2.09.2021'!A$3:'2.09.2021'!I$202,9,) -> Puerto Rico | J52: =IF(ISNUMBER(SEARCH("with",A52)),"Da","Nu") -> Nu
A53: Volando - Remix | B53: Mora | C53: 10364052 | D53: =(C53/1000*5) -> 51820.26 | E53: =VLOOKUP(A53,'2.09.2021'!A$3:'2.09.2021'!I$202,5,) -> 44385 | F53: 44469 | G53: =VLOOKUP(A53,'2.09.2021'!A$3:'2.09.2021'!I$202,7,) -> 0.18958333 | H53: =VLOOKUP(A53,'2.09.2021'!A$3:'2.09.2021'!I$202,8,) -> LATIN | I53: =VLOOKUP(A53,'2.09.2021'!A$3:'2.09.2021'!I$202,9,) -> Puerto Rico | J53: =IF(ISNUMBER(SEARCH("with",A53)),"Da","Nu") -> Nu
A54: deja vu | B54: Olivia Rodrigo | C54: 10335435 | D54: =(C54/1000*5) -> 51677.175 | E54: =VLOOKUP(A54,'2.09.2021'!A$3:'2.09.2021'!I$202,5,) -> 44337 | F54: 44469 | G54: =VLOOKUP(A54,'2.09.2021'!A$3:'2.09.2021'!I$202,7,) -> 0.14930556 | H54: =VLOOKUP(A54,'2.09.2021'!A$3:'2.09.2021'!I$202,8,) -> POP | I54: =VLOOKUP(A54,'2.09.2021'!A$3:'2.09.2021'!I$202,9,) -> SUA | J54: =IF(ISNUMBER(SEARCH("with",A54)),"Da","Nu") -> Nu
A55: Permission to Dance | B55: BTS | C55: 10333834 | D55: =(C55/1000*5) -> 51669.17 | E55: =VLOOKUP(A55,'2.09.2021'!A$3:'2.09.2021'!I$202,5,) -> 44386 | F55: 44469 | G55: =VLOOKUP(A55,'2.09.2021'!A$3:'2.09.2021'!I$202,7,) -> 0.12986111 | H55: =VLOOKUP(A55,'2.09.2021'!A$3:'2.09.2021'!I$202,8,) -> K-POP | I55: =VLOOKUP(A55,'2.09.2021'!A$3:'2.09.2021'!I$202,9,) -> Korea de Sud | J55: =IF(ISNUMBER(SEARCH("with",A55)),"Da","Nu") -> Nu
A56: OUT OUT (with Charli XCX & Saweetie) | B56: Joel Corry | C56: 10206267 | D56: =(C56/1000*5) -> 51031.335 | E56: =VLOOKUP(A56,'2.09.2021'!A$3:'2.09.2021'!I$202,5,) -> 44370 | F56: 44469 | G56: =VLOOKUP(A56,'2.09.2021'!A$3:'2.09.2021'!I$202,7,) -> 0.18125 | H56: =VLOOKUP(A56,'2.09.2021'!A$3:'2.09.2021'!I$202,8,) -> ROCK | I56: =VLOOKUP(A56,'2.09.2021'!A$3:'2.09.2021'!I$202,9,) -> Marea Britanie | J56: =IF(ISNUMBER(SEARCH("with",A56)),"Da","Nu") -> Da
A57: PariÌs | B57: Ingratax | C57: 9964005 | D57: =(C57/1000*5) -> 49820.025 | E57: 44435 | F57: 44469 | G57: 0.13194444 | H57: POP | I57: Mexic | J57: =IF(ISNUMBER(SEARCH("with",A57)),"Da","Nu") -> Nu
A58: family ties (with Kendrick Lamar) | B58: Baby Keem | C58: 9900093 | D58: =(C58/1000*5) -> 49500.465 | E58: =VLOOKUP(A58,'2.09.2021'!A$3:'2.09.2021'!I$202,5,) -> 44435 | F58: 44469 | G58: =VLOOKUP(A58,'2.09.2021'!A$3:'2.09.2021'!I$202,7,) -> 0.175 | H58: =VLOOKUP(A58,'2.09.2021'!A$3:'2.09.2021'!I$202,8,) -> HIP-HOP/RAP | I58: =VLOOKUP(A58,'2.09.2021'!A$3:'2.09.2021'!I$202,9,) -> SUA | J58: =IF(ISNUMBER(SEARCH("with",A58)),"Da","Nu") -> Da
A59: Don't Go Yet | B59: Camila Cabello | C59: 9587759 | D59: =(C59/1000*5) -> 47938.795 | E59: =VLOOKUP(A59,'2.09.2021'!A$3:'2.09.2021'!I$202,5,) -> 44400 | F59: 44469 | G59: =VLOOKUP(A59,'2.09.2021'!A$3:'2.09.2021'!I$202,7,) -> 0.11388889 | H59: =VLOOKUP(A59,'2.09.2021'!A$3:'2.09.2021'!I$202,8,) -> POP | I59: =VLOOKUP(A59,'2.09.2021'!A$3:'2.09.2021'!I$202,9,) -> Cuba | J59: =IF(ISNUMBER(SEARCH("with",A59)),"Da","Nu") -> Nu
A60: Watermelon Sugar | B60: Harry Styles | C60: 9566164 | D60: =(C60/1000*5) -> 47830.82 | E60: =VLOOKUP(A60,'2.09.2021'!A$3:'2.09.2021'!I$202,5,) -> 43812 | F60: 44469 | G60: =VLOOKUP(A60,'2.09.2021'!A$3:'2.09.2021'!I$202,7,) -> 0.12013889 | H60: =VLOOKUP(A60,'2.09.2021'!A$3:'2.09.2021'!I$202,8,) -> POP | I60: =VLOOKUP(A60,'2.09.2021'!A$3:'2.09.2021'!I$202,9,) -> Marea Britanie | J60: =IF(ISNUMBER(SEARCH("with",A60)),"Da","Nu") -> Nu
A61: Sweater Weather | B61: The Neighbourhood | C61: 9268765 | D61: =(C61/1000*5) -> 46343.825 | E61: =VLOOKUP(A61,'2.09.2021'!A$3:'2.09.2021'!I$202,5,) -> 44230 | F61: 44469 | G61: =VLOOKUP(A61,'2.09.2021'!A$3:'2.09.2021'!I$202,7,) -> 0.095833333 | H61: =VLOOKUP(A61,'2.09.2021'!A$3:'2.09.2021'!I$202,8,) -> R&B/SOUL | I61: =VLOOKUP(A61,'2.09.2021'!A$3:'2.09.2021'!I$202,9,) -> SUA | J61: =IF(ISNUMBER(SEARCH("with",A61)),"Da","Nu") -> Nu
A62: Dákiti | B62: Bad Bunny | C62: 9153046 | D62: =(C62/1000*5) -> 45765.23 | E62: =VLOOKUP(A62,'2.09.2021'!A$3:'2.09.2021'!I$202,5,) -> 44134 | F62: 44469 | G62: =VLOOKUP(A62,'2.09.2021'!A$3:'2.09.2021'!I$202,7,) -> 0.14236111 | H62: =VLOOKUP(A62,'2.09.2021'!A$3:'2.09.2021'!I$202,8,) -> LATIN | I62: =VLOOKUP(A62,'2.09.2021'!A$3:'2.09.2021'!I$202,9,) -> Puerto Rico | J62: =IF(ISNUMBER(SEARCH("with",A62)),"Da","Nu") -> Nu
A63: Leave The Door Open | B63: Bruno Mars | C63: 8999268 | D63: =(C63/1000*5) -> 44996.34 | E63: =VLOOKUP(A63,'2.09.2021'!A$3:'2.09.2021'!I$202,5,) -> 44260 | F63: 44469 | G63: =VLOOKUP(A63,'2.09.2021'!A$3:'2.09.2021'!I$202,7,) -> 0.16805556 | H63: =VLOOKUP(A63,'2.09.2021'!A$3:'2.09.2021'!I$202,8,) -> R&B/SOUL | I63: =VLOOKUP(A63,'2.09.2021'!A$3:'2.09.2021'!I$202,9,) -> Puerto Rico | J63: =IF(ISNUMBER(SEARCH("with",A63)),"Da","Nu") -> Nu
A64: NostÃ¡lgico | B64: Rvssian | C64: 8890732 | D64: =(C64/1000*5) -> 44453.66 | E64: 44339 | F64: 44469 | G64: 0.14097222 | H64: LATIN URBAN | I64: Puerto Rico | J64: =IF(ISNUMBER(SEARCH("with",A64)),"Da","Nu") -> Nu
A65: Like I Can | B65: Sam Smith | C65: 8824618 | D65: =(C65/1000*5) -> 44123.09 | E65: =VLOOKUP(A65,'2.09.2021'!A$3:'2.09.2021'!I$202,5,) -> 44276 | F65: 44469 | G65: =VLOOKUP(A65,'2.09.2021'!A$3:'2.09.2021'!I$202,7,) -> 0.175 | H65: =VLOOKUP(A65,'2.09.2021'!A$3:'2.09.2021'!I$202,8,) -> POP | I65: =VLOOKUP(A65,'2.09.2021'!A$3:'2.09.2021'!I$202,9,) -> Marea Britanie | J65: =IF(ISNUMBER(SEARCH("with",A65)),"Da","Nu") -> Nu
A66: Entre Nosotros | B66: Tiago PZK | C66: 8763558 | D66: =(C66/1000*5) -> 43817.79 | E66: =VLOOKUP(A66,'2.09.2021'!A$3:'2.09.2021'!I$202,5,) -> 44386 | F66: 44469 | G66: =VLOOKUP(A66,'2.09.2021'!A$3:'2.09.2021'!I$202,7,) -> 0.13333333 | H66: =VLOOKUP(A66,'2.09.2021'!A$3:'2.09.2021'!I$202,8,) -> RHYTHM & BLUES | I66: =VLOOKUP(A66,'2.09.2021'!A$3:'2.09.2021'!I$202,9,) -> Argentina | J66: =IF(ISNUMBER(SEARCH("with",A66)),"Da","Nu") -> Nu
A67: happier | B67: Olivia Rodrigo | C67: 8748754 | D67: =(C67/1000*5) -> 43743.77 | E67: =VLOOKUP(A67,'2.09.2021'!A$3:'2.09.2021'!I$202,5,) -> 44337 | F67: 44469 | G67: =VLOOKUP(A67,'2.09.2021'!A$3:'2.09.2021'!I$202,7,) -> 0.12152778 | H67: =VLOOKUP(A67,'2.09.2021'!A$3:'2.09.2021'!I$202,8,) -> POP | I67: =VLOOKUP(A67,'2.09.2021'!A$3:'2.09.2021'!I$202,9,) -> SUA | J67: =IF(ISNUMBER(SEARCH("with",A67)),"Da","Nu") -> Nu
A68: Love Tonight - Edit | B68: Shouse | C68: 8735579 | D68: =(C68/1000*5) -> 43677.895 | E68: =VLOOKUP(A68,'2.09.2021'!A$3:'2.09.2021'!I$202,5,) -> 43083 | F68: 44469 | G68: =VLOOKUP(A68,'2.09.2021'!A$3:'2.09.2021'!I$202,7,) -> 0.16736111 | H68: =VLOOKUP(A68,'2.09.2021'!A$3:'2.09.2021'!I$202,8,) -> ELECTRONIC | I68: =VLOOKUP(A68,'2.09.2021'!A$3:'2.09.2021'!I$202,9,) -> Australia | J68: =IF(ISNUMBER(SEARCH("with",A68)),"Da","Nu") -> Nu
A69: Mood (with iann dior) | B69: 24kGoldn | C69: 8723444 | D69: =(C69/1000*5) -> 43617.22 | E69: =VLOOKUP(A69,'2.09.2021'!A$3:'2.09.2021'!I$202,5,) -> 44336 | F69: 44469 | G69: =VLOOKUP(A69,'2.09.2021'!A$3:'2.09.2021'!I$202,7,) -> 0.095138889 | H69: =VLOOKUP(A69,'2.09.2021'!A$3:'2.09.2021'!I$202,8,) -> HIP-HOP/RAP | I69: =VLOOKUP(A69,'2.09.2021'!A$3:'2.09.2021'!I$202,9,) -> SUA | J69: =IF(ISNUMBER(SEARCH("with",A69)),"Da","Nu") -> Da
A70: Dynamite | B70: BTS | C70: 8719388 | D70: =(C70/1000*5) -> 43596.94 | E70: =VLOOKUP(A70,'2.09.2021'!A$3:'2.09.2021'!I$202,5,) -> 44459 | F70: 44469 | G70: =VLOOKUP(A70,'2.09.2021'!A$3:'2.09.2021'!I$202,7,) -> 0.097916667 | H70: =VLOOKUP(A70,'2.09.2021'!A$3:'2.09.2021'!I$202,8,) -> K-POP | I70: =VLOOKUP(A70,'2.09.2021'!A$3:'2.09.2021'!I$202,9,) -> Korea de Sud | J70: =IF(ISNUMBER(SEARCH("with",A70)),"Da","Nu") -> Nu
A71: Una Nota | B71: J Balvin | C71: 8680859 | D71: =(C71/1000*5) -> 43404.295 | E71: 44229 | F71: 44469 | G71: 0.10555556 | H71: LATIN URBAN | I71: Columbia | J71: =IF(ISNUMBER(SEARCH("with",A71)),"Da","Nu") -> Nu
A72: Dark Red | B72: Steve Lacy | C72: 8637286 | D72: =(C72/1000*5) -> 43186.43 | E72: =VLOOKUP(A72,'2.09.2021'!A$3:'2.09.2021'!I$202,5,) -> 44306 | F72: 44469 | G72: =VLOOKUP(A72,'2.09.2021'!A$3:'2.09.2021'!I$202,7,) -> 0.15347222 | H72: =VLOOKUP(A72,'2.09.2021'!A$3:'2.09.2021'!I$202,8,) -> DANCE | I72: =VLOOKUP(A72,'2.09.2021'!A$3:'2.09.2021'!I$202,9,) -> SUA | J72: =IF(ISNUMBER(SEARCH("with",A72)),"Da","Nu") -> Nu
A73: Freaks | B73: Surf Curse | C73: 8229013 | D73: =(C73/1000*5) -> 41145.065 | E73: =VLOOKUP(A73,'2.09.2021'!A$3:'2.09.2021'!I$202,5,) -> 44229 | F73: 44469 | G73: =VLOOKUP(A73,'2.09.2021'!A$3:'2.09.2021'!I$202,7,) -> 0.14097222 | H73: =VLOOKUP(A73,'2.09.2021'!A$3:'2.09.2021'!I$202,8,) -> POP | I73: =VLOOKUP(A73,'2.09.2021'!A$3:'2.09.2021'!I$202,9,) -> SUA | J73: =IF(ISNUMBER(SEARCH("with",A73)),"Da","Nu") -> Nu
A74: Someone You Loved | B74: Lewis Capaldi | C74: 8198902 | D74: =(C74/1000*5) -> 40994.51 | E74: =VLOOKUP(A74,'2.09.2021'!A$3:'2.09.2021'!I$202,5,) -> 44377 | F74: 44469 | G74: =VLOOKUP(A74,'2.09.2021'!A$3:'2.09.2021'!I$202,7,) -> 0.14444444 | H74: =VLOOKUP(A74,'2.09.2021'!A$3:'2.09.2021'!I$202,8,) -> HIP-HOP/RAP | I74: =VLOOKUP(A74,'2.09.2021'!A$3:'2.09.2021'!I$202,9,) -> Scoția | J74: =IF(ISNUMBER(SEARCH("with",A74)),"Da","Nu") -> Nu
A75: Leave Before You Love Me (with Jonas Brothers) | B75: Marshmello | C75: 8184031 | D75: =(C75/1000*5) -> 40920.155 | E75: =VLOOKUP(A75,'2.09.2021'!A$3:'2.09.2021'!I$202,5,) -> 44466 | F75: 44469 | G75: =VLOOKUP(A75,'2.09.2021'!A$3:'2.09.2021'!I$202,7,) -> 0.16805556 | H75: =VLOOKUP(A75,'2.09.2021'!A$3:'2.09.2021'!I$202,8,) -> ROCK | I75: =VLOOKUP(A75,'2.09.2021'!A$3:'2.09.2021'!I$202,9,) -> SUA | J75: =IF(ISNUMBER(SEARCH("with",A75)),"Da","Nu") -> Da
A76: Don't Start Now | B76: Dua Lipa | C76: 8140242 | D76: =(C76/1000*5) -> 40701.21 | E76: =VLOOKUP(A76,'2.09.2021'!A$3:'2.09.2021'!I$202,5,) -> 44248 | F76: 44469 | G76: =VLOOKUP(A76,'2.09.2021'!A$3:'2.09.2021'!I$202,7,) -> 0.11736111 | H76: =VLOOKUP(A76,'2.09.2021'!A$3:'2.09.2021'!I$202,8,) -> K-POP | I76: =VLOOKUP(A76,'2.09.2021'!A$3:'2.09.2021'!I$202,9,) -> Marea Britanie | J76: =IF(ISNUMBER(SEARCH("with",A76)),"Da","Nu") -> Nu
A77: Bored | B77: Billie Eilish | C77: 8136788 | D77: =(C77/1000*5) -> 40683.94 | E77: 44258 | F77: 44469 | G77: 0.15902778 | H77: ALTERNATIVE | I77: SUA | J77: =IF(ISNUMBER(SEARCH("with",A77)),"Da","Nu") -> Nu
A78: Miénteme | B78: TINI | C78: 7982451 | D78: =(C78/1000*5) -> 39912.255 | E78: =VLOOKUP(A78,'2.09.2021'!A$3:'2.09.2021'!I$202,5,) -> 44317 | F78: 44469 | G78: =VLOOKUP(A78,'2.09.2021'!A$3:'2.09.2021'!I$202,7,) -> 0.11458333 | H78: =VLOOKUP(A78,'2.09.2021'!A$3:'2.09.2021'!I$202,8,) -> LATIN URBAN | I78: =VLOOKUP(A78,'2.09.2021'!A$3:'2.09.2021'!I$202,9,) -> Argentina | J78: =IF(ISNUMBER(SEARCH("with",A78)),"Da","Nu") -> Nu
A79: Pareja Del AÃ±o | B79: Sebastian Yatra | C79: 7964933 | D79: =(C79/1000*5) -> 39824.665 | E79: =VLOOKUP(A79,'2.09.2021'!A$3:'2.09.2021'!I$202,5,) -> 44238 | F79: 44469 | G79: =VLOOKUP(A79,'2.09.2021'!A$3:'2.09.2021'!I$202,7,) -> 0.20625 | H79: =VLOOKUP(A79,'2.09.2021'!A$3:'2.09.2021'!I$202,8,) -> LATIN URBAN | I79: =VLOOKUP(A79,'2.09.2021'!A$3:'2.09.2021'!I$202,9,) -> Columbia | J79: =IF(ISNUMBER(SEARCH("with",A79)),"Da","Nu") -> Nu
A80: I GUESS I'M IN LOVE | B80: Clinton Kane | C80: 7895736 | D80: =(C80/1000*5) -> 39478.68 | E80: =VLOOKUP(A80,'2.09.2021'!A$3:'2.09.2021'!I$202,5,) -> 44352 | F80: 44469 | G80: =VLOOKUP(A80,'2.09.2021'!A$3:'2.09.2021'!I$202,7,) -> 0.11388889 | H80: =VLOOKUP(A80,'2.09.2021'!A$3:'2.09.2021'!I$202,8,) -> HIP-HOP/RAP | I80: =VLOOKUP(A80,'2.09.2021'!A$3:'2.09.2021'!I$202,9,) -> Norvegia | J80: =IF(ISNUMBER(SEARCH("with",A80)),"Da","Nu") -> Nu
A81: Friday (with Mufasa & Hypeman) - Dopamine Re-Edit | B81: Riton | C81: 7823821 | D81: =(C81/1000*5) -> 39119.105 | E81: =VLOOKUP(A81,'2.09.2021'!A$3:'2.09.2021'!I$202,5,) -> 44211 | F81: 44469 | G81: =VLOOKUP(A81,'2.09.2021'!A$3:'2.09.2021'!I$202,7,) -> 0.11736111 | H81: =VLOOKUP(A81,'2.09.2021'!A$3:'2.09.2021'!I$202,8,) -> DANCE | I81: =VLOOKUP(A81,'2.09.2021'!A$3:'2.09.2021'!I$202,9,) -> Marea Britanie | J81: =IF(ISNUMBER(SEARCH("with",A81)),"Da","Nu") -> Da
A82: Tiroteo - Remix | B82: Marc SeguÃ­ | C82: 7691845 | D82: =(C82/1000*5) -> 38459.225 | E82: =VLOOKUP(A82,'2.09.2021'!A$3:'2.09.2021'!I$202,5,) -> 44287 | F82: 44469 | G82: =VLOOKUP(A82,'2.09.2021'!A$3:'2.09.2021'!I$202,7,) -> 0.22291667 | H82: =VLOOKUP(A82,'2.09.2021'!A$3:'2.09.2021'!I$202,8,) -> LATIN URBAN | I82: =VLOOKUP(A82,'2.09.2021'!A$3:'2.09.2021'!I$202,9,) -> Puerto Rico | J82: =IF(ISNUMBER(SEARCH("with",A82)),"Da","Nu") -> Nu
A83: Astronaut In The Ocean | B83: Masked Wolf | C83: 7683857 | D83: =(C83/1000*5) -> 38419.285 | E83: =VLOOKUP(A83,'2.09.2021'!A$3:'2.09.2021'!I$202,5,) -> 44438 | F83: 44469 | G83: =VLOOKUP(A83,'2.09.2021'!A$3:'2.09.2021'!I$202,7,) -> 0.16875 | H83: =VLOOKUP(A83,'2.09.2021'!A$3:'2.09.2021'!I$202,8,) -> POP | I83: =VLOOKUP(A83,'2.09.2021'!A$3:'2.09.2021'!I$202,9,) -> Australia | J83: =IF(ISNUMBER(SEARCH("with",A83)),"Da","Nu") -> Nu
A84: edamame (with Rich Brian) | B84: bbno$ | C84: 7651389 | D84: =(C84/1000*5) -> 38256.945 | E84: =VLOOKUP(A84,'2.09.2021'!A$3:'2.09.2021'!I$202,5,) -> 43945 | F84: 44469 | G84: =VLOOKUP(A84,'2.09.2021'!A$3:'2.09.2021'!I$202,7,) -> 0.090277778 | H84: =VLOOKUP(A84,'2.09.2021'!A$3:'2.09.2021'!I$202,8,) -> R&B/SOUL | I84: =VLOOKUP(A84,'2.09.2021'!A$3:'2.09.2021'!I$202,9,) -> Canada | J84: =IF(ISNUMBER(SEARCH("with",A84)),"Da","Nu") -> Da
A85: The Business | B85: TiÃ«sto | C85: 7608736 | D85: =(C85/1000*5) -> 38043.68 | E85: =VLOOKUP(A85,'2.09.2021'!A$3:'2.09.2021'!I$202,5,) -> 44336 | F85: 44469 | G85: =VLOOKUP(A85,'2.09.2021'!A$3:'2.09.2021'!I$202,7,) -> 0.12152778 | H85: =VLOOKUP(A85,'2.09.2021'!A$3:'2.09.2021'!I$202,8,) -> DANCE | I85: =VLOOKUP(A85,'2.09.2021'!A$3:'2.09.2021'!I$202,9,) -> Olanda | J85: =IF(ISNUMBER(SEARCH("with",A85)),"Da","Nu") -> Nu
A86: Your Heart | B86: Joyner Lucas | C86: 7564368 | D86: =(C86/1000*5) -> 37821.84 | E86: 44308 | F86: 44469 | G86: 0.14097222 | H86: POP | I86: SUA | J86: =IF(ISNUMBER(SEARCH("with",A86)),"Da","Nu") -> Nu
A87: jealousy, jealousy | B87: Olivia Rodrigo | C87: 7417730 | D87: =(C87/1000*5) -> 37088.65 | E87: =VLOOKUP(A87,'2.09.2021'!A$3:'2.09.2021'!I$202,5,) -> 44337 | F87: 44469 | G87: =VLOOKUP(A87,'2.09.2021'!A$3:'2.09.2021'!I$202,7,) -> 0.12013889 | H87: =VLOOKUP(A87,'2.09.2021'!A$3:'2.09.2021'!I$202,8,) -> POP | I87: =VLOOKUP(A87,'2.09.2021'!A$3:'2.09.2021'!I$202,9,) -> SUA | J87: =IF(ISNUMBER(SEARCH("with",A87)),"Da","Nu") -> Nu
A88: Love Again | B88: Dua Lipa | C88: 7406089 | D88: =(C88/1000*5) -> 37030.445 | E88: =VLOOKUP(A88,'2.09.2021'!A$3:'2.09.2021'!I$202,5,) -> 44259 | F88: 44469 | G88: =VLOOKUP(A88,'2.09.2021'!A$3:'2.09.2021'!I$202,7,) -> 0.14027778 | H88: =VLOOKUP(A88,'2.09.2021'!A$3:'2.09.2021'!I$202,8,) -> ELECTRONIC | I88: =VLOOKUP(A88,'2.09.2021'!A$3:'2.09.2021'!I$202,9,) -> Marea Britanie | J88: =IF(ISNUMBER(SEARCH("with",A88)),"Da","Nu") -> Nu
A89: Ain't Shit | B89: Doja Cat | C89: 7396316 | D89: =(C89/1000*5) -> 36981.58 | E89: =VLOOKUP(A89,'2.09.2021'!A$3:'2.09.2021'!I$202,5,) -> 44372 | F89: 44469 | G89: =VLOOKUP(A89,'2.09.2021'!A$3:'2.09.2021'!I$202,7,) -> 0.12083333 | H89: =VLOOKUP(A89,'2.09.2021'!A$3:'2.09.2021'!I$202,8,) -> POP | I89: =VLOOKUP(A89,'2.09.2021'!A$3:'2.09.2021'!I$202,9,) -> SUA | J89: =IF(ISNUMBER(SEARCH("with",A89)),"Da","Nu") -> Nu
A90: Have Mercy | B90: ChlÃ¶e | C90: 7362969 | D90: =(C90/1000*5) -> 36814.845 | E90: 44339 | F90: 44469 | G90: 0.11458333 | H90: POP | I90: SUA | J90: =IF(ISNUMBER(SEARCH("with",A90)),"Da","Nu") -> Nu
A91: lovely (with Khalid) | B91: Billie Eilish | C91: 7341942 | D91: =(C91/1000*5) -> 36709.71 | E91: =VLOOKUP(A91,'2.09.2021'!A$3:'2.09.2021'!I$202,5,) -> 44385 | F91: 44469 | G91: =VLOOKUP(A91,'2.09.2021'!A$3:'2.09.2021'!I$202,7,) -> 0.16805556 | H91: =VLOOKUP(A91,'2.09.2021'!A$3:'2.09.2021'!I$202,8,) -> LATIN URBAN | I91: =VLOOKUP(A91,'2.09.2021'!A$3:'2.09.2021'!I$202,9,) -> SUA | J91: =IF(ISNUMBER(SEARCH("with",A91)),"Da","Nu") -> Da
A92: SEJODIOTO | B92: KAROL G | C92: 7311219 | D92: =(C92/1000*5) -> 36556.095 | E92: 44331 | F92: 44469 | G92: 0.22430556 | H92: LATIN URBAN | I92: Columbia | J92: =IF(ISNUMBER(SEARCH("with",A92)),"Da","Nu") -> Nu
A93: favorite crime | B93: Olivia Rodrigo | C93: 7279399 | D93: =(C93/1000*5) -> 36396.995 | E93: =VLOOKUP(A93,'2.09.2021'!A$3:'2.09.2021'!I$202,5,) -> 44346 | F93: 44469 | G93: =VLOOKUP(A93,'2.09.2021'!A$3:'2.09.2021'!I$202,7,) -> 0.14930556 | H93: =VLOOKUP(A93,'2.09.2021'!A$3:'2.09.2021'!I$202,8,) -> ALTERNATIVE | I93: =VLOOKUP(A93,'2.09.2021'!A$3:'2.09.2021'!I$202,9,) -> SUA | J93: =IF(ISNUMBER(SEARCH("with",A93)),"Da","Nu") -> Nu
A94: 911 - Remix | B94: Sech | C94: 7276832 | D94: =(C94/1000*5) -> 36384.16 | E94: =VLOOKUP(A94,'2.09.2021'!A$3:'2.09.2021'!I$202,5,) -> 44386 | F94: 44469 | G94: =VLOOKUP(A94,'2.09.2021'!A$3:'2.09.2021'!I$202,7,) -> 0.14444444 | H94: =VLOOKUP(A94,'2.09.2021'!A$3:'2.09.2021'!I$202,8,) -> LATIN URBAN | I94: =VLOOKUP(A94,'2.09.2021'!A$3:'2.09.2021'!I$202,9,) -> Panama | J94: =IF(ISNUMBER(SEARCH("with",A94)),"Da","Nu") -> Nu
A95: Perfect | B95: Ed Sheeran | C95: 7254400 | D95: =(C95/1000*5) -> 36272 | E95: =VLOOKUP(A95,'2.09.2021'!A$3:'2.09.2021'!I$202,5,) -> 44240 | F95: 44469 | G95: =VLOOKUP(A95,'2.09.2021'!A$3:'2.09.2021'!I$202,7,) -> 0.13958333 | H95: =VLOOKUP(A95,'2.09.2021'!A$3:'2.09.2021'!I$202,8,) -> POP | I95: =VLOOKUP(A95,'2.09.2021'!A$3:'2.09.2021'!I$202,9,) -> Marea Britanie | J95: =IF(ISNUMBER(SEARCH("with",A95)),"Da","Nu") -> Nu
A96: Summer of Love (Shawn Mendes & Tainy) | B96: Shawn Mendes | C96: 7193229 | D96: =(C96/1000*5) -> 35966.145 | E96: =VLOOKUP(A96,'2.09.2021'!A$3:'2.09.2021'!I$202,5,) -> 44428 | F96: 44469 | G96: =VLOOKUP(A96,'2.09.2021'!A$3:'2.09.2021'!I$202,7,) -> 0.12777778 | H96: =VLOOKUP(A96,'2.09.2021'!A$3:'2.09.2021'!I$202,8,) -> POP | I96: =VLOOKUP(A96,'2.09.2021'!A$3:'2.09.2021'!I$202,9,) -> Canada | J96: =IF(ISNUMBER(SEARCH("with",A96)),"Da","Nu") -> Nu
A97: Save Your Tears | B97: The Weeknd | C97: 7160013 | D97: =(C97/1000*5) -> 35800.065 | E97: =VLOOKUP(A97,'2.09.2021'!A$3:'2.09.2021'!I$202,5,) -> 44209 | F97: 44469 | G97: =VLOOKUP(A97,'2.09.2021'!A$3:'2.09.2021'!I$202,7,) -> 0.16875 | H97: =VLOOKUP(A97,'2.09.2021'!A$3:'2.09.2021'!I$202,8,) -> ELECTRONIC | I97: =VLOOKUP(A97,'2.09.2021'!A$3:'2.09.2021'!I$202,9,) -> Canada | J97: =IF(ISNUMBER(SEARCH("with",A97)),"Da","Nu") -> Nu
A98: Chosen (with Ty Dolla $ign) | B98: Blxst | C98: 7146580 | D98: =(C98/1000*5) -> 35732.9 | E98: =VLOOKUP(A98,'2.09.2021'!A$3:'2.09.2021'!I$202,5,) -> 44389 | F98: 44469 | G98: =VLOOKUP(A98,'2.09.2021'!A$3:'2.09.2021'!I$202,7,) -> 0.20694444 | H98: =VLOOKUP(A98,'2.09.2021'!A$3:'2.09.2021'!I$202,8,) -> ALTERNATIVE | I98: =VLOOKUP(A98,'2.09.2021'!A$3:'2.09.2021'!I$202,9,) -> SUA | J98: =IF(ISNUMBER(SEARCH("with",A98)),"Da","Nu") -> Da
A99: LOCO | B99: ITZY | C99: 7089600 | D99: =(C99/1000*5) -> 35448 | E99: =VLOOKUP(A99,'2.09.2021'!A$3:'2.09.2021'!I$202,5,) -> 44309 | F99: 44469 | G99: =VLOOKUP(A99,'2.09.2021'!A$3:'2.09.2021'!I$202,7,) -> 0.19930556 | H99: =VLOOKUP(A99,'2.09.2021'!A$3:'2.09.2021'!I$202,8,) -> K-POP | I99: =VLOOKUP(A99,'2.09.2021'!A$3:'2.09.2021'!I$202,9,) -> SUA | J99: =IF(ISNUMBER(SEARCH("with",A99)),"Da","Nu") -> Nu
A100: Champagne Poetry | B100: Drake | C100: 7082667 | D100: =(C100/1000*5) -> 35413.335 | E100: 44476 | F100: 44469 | G100: 0.35625 | H100: HIP-HOP/RAP | I100: Canada | J100: =IF(ISNUMBER(SEARCH("with",A100)),"Da","Nu") -> Nu
A101: Happier Than Ever - Edit | B101: Billie Eilish | C101: 7059035 | D101: =(C101/1000*5) -> 35295.175 | E101: 44332 | F101: 44469 | G101: 0.14791667 | H101: ALTERNATIVE | I101: s | J101: =IF(ISNUMBER(SEARCH("with",A101)),"Da","Nu") -> Nu
...

Sheet Dataset
A1: Numele Melodiei | B1: Artist | C1: Numar vizualizari | D1: Venituri (nr vizulizari/1000*5) | E1: Data Lansarii | F1: Aparitii in top 200 | G1: Durata Melodiei | H1: Genul de Muzica | I1: Nationalitatea Artistului | J1: Colaborare
A2: STAY (with Justin Bieber) | B2: The Kid LAROI | C2: 68764542 | D2: =(C2/1000*5) -> 343822.71 | E2: 44386 | F2: 44441 | G2: 0.097916667 | H2: POP | I2: Australia | J2: =IF(ISNUMBER(SEARCH("with",A2)),"Da","Nu") -> Da
A3: INDUSTRY BABY (with Jack Harlow) | B3: Lil Nas X | C3: 43663527 | D3: =(C3/1000*5) -> 218317.64 | E3: 44400 | F3: 44441 | G3: 0.14722222 | H3: HIP-HOP/RAP | I3: SUA | J3: =IF(ISNUMBER(SEARCH("with",A3)),"Da","Nu") -> Da
A4: Bad Habits | B4: Ed Sheeran | C4: 34182580 | D4: =(C4/1000*5) -> 170912.9 | E4: 44358 | F4: 44441 | G4: 0.14722222 | H4: POP | I4: Marea Britanie | J4: =IF(ISNUMBER(SEARCH("with",A4)),"Da","Nu") -> Nu
A5: Beggin' | B5: Måneskin | C5: 32620597 | D5: =(C5/1000*5) -> 163102.99 | E5: 43077 | F5: 44441 | G5: 0.14652778 | H5: ROCK | I5: Italia | J5: =IF(ISNUMBER(SEARCH("with",A5)),"Da","Nu") -> Nu
A6: Hurricane | B6: Kanye West | C6: 30609671 | D6: =(C6/1000*5) -> 153048.35 | E6: 44416 | F6: 44441 | G6: 0.16875 | H6: HIP-HOP/RAP | I6: SUA | J6: =IF(ISNUMBER(SEARCH("with",A6)),"Da","Nu") -> Nu
A7: Pepas | B7: Farruko | C7: 29398007 | D7: =(C7/1000*5) -> 146990.04 | E7: 44538 | F7: 44441 | G7: 0.19930556 | H7: LATIN URBAN | I7: Puerto Rico | J7: =IF(ISNUMBER(SEARCH("with",A7)),"Da","Nu") -> Nu
A8: good 4 u | B8: Olivia Rodrigo | C8: 29366737 | D8: =(C8/1000*5) -> 146833.68 | E8: 44337 | F8: 44441 | G8: 0.12361111 | H8: POP | I8: SUA | J8: =IF(ISNUMBER(SEARCH("with",A8)),"Da","Nu") -> Nu
A9: Need To Know | B9: Doja Cat | C9: 28000403 | D9: =(C9/1000*5) -> 140002.01 | E9: 44371 | F9: 44441 | G9: 0.14583333 | H9: POP | I9: SUA | J9: =IF(ISNUMBER(SEARCH("with",A9)),"Da","Nu") -> Nu
A10: Woman | B10: Doja Cat | C10: 26632882 | D10: =(C10/1000*5) -> 133164.41 | E10: 44374 | F10: 44441 | G10: 0.10069444 | H10: POP | I10: SUA | J10: =IF(ISNUMBER(SEARCH("with",A10)),"Da","Nu") -> Nu
A11: Jail | B11: Kanye West | C11: 24792859 | D11: =(C11/1000*5) -> 123964.29 | E11: 44437 | F11: 44441 | G11: 0.20625 | H11: HIP-HOP/RAP | I11: SUA | J11: =IF(ISNUMBER(SEARCH("with",A11)),"Da","Nu") -> Nu
A12: Happier Than Ever | B12: Billie Eilish | C12: 24448545 | D12: =(C12/1000*5) -> 122242.72 | E12: 44407 | F12: 44441 | G12: 0.20694444 | H12: ALTERNATIVE | I12: SUA | J12: =IF(ISNUMBER(SEARCH("with",A12)),"Da","Nu") -> Nu
A13: Off The Grid | B13: Kanye West | C13: 24302344 | D13: =(C13/1000*5) -> 121511.72 | E13: 44437 | F13: 44441 | G13: 0.23541667 | H13: HIP-HOP/RAP | I13: SUA | J13: =IF(ISNUMBER(SEARCH("with",A13)),"Da","Nu") -> Nu
... A43: AM Remix | B43: Nio Garcia | C43: 13082669 | D43: =(C43/1000*5) -> 65413.345 | E43: 44371 | F43: 44441 | G43: 0.18125 | H43: LATIN URBAN | I43: Puerto Rico | J43: =IF(ISNUMBER(SEARCH("with",A43)),"Da","Nu") -> Nu
A44: 24 | B44: Kanye West | C44: 12955187 | D44: =(C44/1000*5) -> 64775.935 | E44: 44437 | F44: 44441 | G44: 0.13680556 | H44: HIP-HOP/RAP | I44: SUA | J44: =IF(ISNUMBER(SEARCH("with",A44)),"Da","Nu") -> Nu
A45: In Da Getto | B45: J Balvin | C45: 12933235 | D45: =(C45/1000*5) -> 64666.175 | E45: 44379 | F45: 44441 | G45: 0.090277778 | H45: LATIN URBAN | I45: Columbia | J45: =IF(ISNUMBER(SEARCH("with",A45)),"Da","Nu") -> Nu
A46: Remote Control | B46: Kanye West | C46: 12913533 | D46: =(C46/1000*5) -> 64567.665 | E46: 44437 | F46: 44441 | G46: 0.1375 | H46: HIP-HOP/RAP | I46: SUA | J46: =IF(ISNUMBER(SEARCH("with",A46)),"Da","Nu") -> Nu
A47: drivers license | B47: Olivia Rodrigo | C47: 12878186 | D47: =(C47/1000*5) -> 64390.93 | E47: 44204 | F47: 44441 | G47: 0.16805556 | H47: POP | I47: SUA | J47: =IF(ISNUMBER(SEARCH("with",A47)),"Da","Nu") -> Nu
A48: Volando - Remix | B48: Mora | C48: 12598210 | D48: =(C48/1000*5) -> 62991.05 | E48: 44385 | F48: 44441 | G48: 0.18958333 | H48: LATIN | I48: Puerto Rico | J48: =IF(ISNUMBER(SEARCH("with",A48)),"Da","Nu") -> Nu
A49: 2055 | B49: Sleepy Hallow | C49: 12034127 | D49: =(C49/1000*5) -> 60170.635 | E49: 44300 | F49: 44441 | G49: 0.085416667 | H49: HIP-HOP/RAP | I49: Jamaica | J49: =IF(ISNUMBER(SEARCH("with",A49)),"Da","Nu") -> Nu
A50: Cúrame | B50: Rauw Alejandro | C50: 11797153 | D50: =(C50/1000*5) -> 58985.765 | E50: 44372 | F50: 44441 | G50: 0.11388889 | H50: LATIN URBAN | I50: Puerto Rico | J50: =IF(ISNUMBER(SEARCH("with",A50)),"Da","Nu") -> Nu
A51: Pure Souls | B51: Kanye West | C51: 11585806 | D51: =(C51/1000*5) -> 57929.03 | E51: 44437 | F51: 44441 | G51: 0.24861111 | H51: HIP-HOP/RAP | I51: SUA | J51: =IF(ISNUMBER(SEARCH("with",A51)),"Da","Nu") -> Nu
A52: Get Into It (Yuh) | B52: Doja Cat | C52: 11294620 | D52: =(C52/1000*5) -> 56473.1 | E52: 44372 | F52: 44441 | G52: 0.095833333 | H52: POP | I52: SUA | J52: =IF(ISNUMBER(SEARCH("with",A52)),"Da","Nu") -> Nu
A53: Donda | B53: Kanye West | C53: 11098736 | D53: =(C53/1000*5) -> 55493.68 | E53: 44437 | F53: 44441 | G53: 0.088888889 | H53: HIP-HOP/RAP | I53: SUA | J53: =IF(ISNUMBER(SEARCH("with",A53)),"Da","Nu") -> Nu
A54: Leave The Door Open | B54: Bruno Mars | C54: 11085219 | D54: =(C54/1000*5) -> 55426.095 | E54: 44260 | F54: 44441 | G54: 0.16805556 | H54: R&B/SOUL | I54: Puerto Rico | J54: =IF(ISNUMBER(SEARCH("with",A54)),"Da","Nu") -> Nu
A55: Sobrio | B55: Maluma | C55: 11037322 | D55: =(C55/1000*5) -> 55186.61 | E55: 44385 | F55: 44441 | G55: 0.13958333 | H55: LATIN URBAN | I55: Columbia | J55: =IF(ISNUMBER(SEARCH("with",A55)),"Da","Nu") -> Nu
A56: Entre Nosotros | B56: Tiago PZK | C56: 10951000 | D56: =(C56/1000*5) -> 54755 | E56: 44386 | F56: 44441 | G56: 0.13333333 | H56: RHYTHM & BLUES | I56: Argentina | J56: =IF(ISNUMBER(SEARCH("with",A56)),"Da","Nu") -> Nu
A57: Keep My Spirit Alive | B57: Kanye West | C57: 10913129 | D57: =(C57/1000*5) -> 54565.645 | E57: 44437 | F57: 44441 | G57: 0.15347222 | H57: HIP-HOP/RAP | I57: SUA | J57: =IF(ISNUMBER(SEARCH("with",A57)),"Da","Nu") -> Nu
A58: Jesus Lord | B58: Kanye West | C58: 10900265 | D58: =(C58/1000*5) -> 54501.325 | E58: 44437 | F58: 44441 | G58: 0.37361111 | H58: HIP-HOP/RAP | I58: SUA | J58: =IF(ISNUMBER(SEARCH("with",A58)),"Da","Nu") -> Nu
A59: happier | B59: Olivia Rodrigo | C59: 10837112 | D59: =(C59/1000*5) -> 54185.56 | E59: 44337 | F59: 44441 | G59: 0.12152778 | H59: POP | I59: SUA | J59: =IF(ISNUMBER(SEARCH("with",A59)),"Da","Nu") -> Nu
A60: Love Tonight - Edit | B60: Shouse | C60: 10655348 | D60: =(C60/1000*5) -> 53276.74 | E60: 43083 | F60: 44441 | G60: 0.16736111 | H60: ELECTRONIC | I60: Australia | J60: =IF(ISNUMBER(SEARCH("with",A60)),"Da","Nu") -> Nu
A61: Watermelon Sugar | B61: Harry Styles | C61: 10454615 | D61: =(C61/1000*5) -> 52273.075 | E61: 43812 | F61: 44441 | G61: 0.12013889 | H61: POP | I61: Marea Britanie | J61: =IF(ISNUMBER(SEARCH("with",A61)),"Da","Nu") -> Nu
... A182: Iko Iko (My Bestie) | B182: Justin Wellington | C182: 5593786 | D182: =(C182/1000*5) -> 27968.93 | E182: 44411 | F182: 44441 | G182: 0.23541667 | H182: POP | I182: Papua | J182: =IF(ISNUMBER(SEARCH("with",A182)),"Da","Nu") -> Nu
A183: 512 | B183: Mora | C183: 5574638 | D183: =(C183/1000*5) -> 27873.19 | E183: 44437 | F183: 44441 | G183: 0.095138889 | H183: ROCK | I183: Puerto Rico | J183: =IF(ISNUMBER(SEARCH("with",A183)),"Da","Nu") -> Nu
A184: Remember (and David Guetta) | B184: Becky Hill | C184: 5557982 | D184: =(C184/1000*5) -> 27789.91 | E184: 44351 | F184: 44441 | G184: 0.14444444 | H184: HIP-HOP/RAP | I184: Marea Britanie | J184: =IF(ISNUMBER(SEARCH("with",A184)),"Da","Nu") -> Nu
A185: REPEAT IT (with Gunna) | B185: Lil Tecca | C185: 5547450 | D185: =(C185/1000*5) -> 27737.25 | E185: 44274 | F185: 44441 | G185: 0.13819444 | H185: ROCK | I185: SUA | J185: =IF(ISNUMBER(SEARCH("with",A185)),"Da","Nu") -> Da
A186: Say You Won't Let Go | B186: James Arthur | C186: 5547420 | D186: =(C186/1000*5) -> 27737.1 | E186: 44460 | F186: 44441 | G186: 0.15694444 | H186: HIP-HOP/RAP | I186: Marea Britanie | J186: =IF(ISNUMBER(SEARCH("with",A186)),"Da","Nu") -> Nu
A187: Every Breath You Take | B187: The Police | C187: 5520749 | D187: =(C187/1000*5) -> 27603.745 | E187: 44377 | F187: 44441 | G187: 0.16527778 | H187: HIP-HOP/RAP | I187: Marea Britanie | J187: =IF(ISNUMBER(SEARCH("with",A187)),"Da","Nu") -> Nu
A188: HawÃ¡i | B188: Maluma | C188: 5502543 | D188: =(C188/1000*5) -> 27512.715 | E188: 44248 | F188: 44441 | G188: 0.15972222 | H188: HIP-HOP/RAP | I188: Columbia | J188: =IF(ISNUMBER(SEARCH("with",A188)),"Da","Nu") -> Nu
A189: Dreams - 2004 Remaster | B189: Fleetwood Mac | C189: 5477944 | D189: =(C189/1000*5) -> 27389.72 | E189: 44259 | F189: 44441 | G189: 0.10833333 | H189: HIP-HOP/RAP | I189: Marea Britanie | J189: =IF(ISNUMBER(SEARCH("with",A189)),"Da","Nu") -> Nu
A190: Dandelions | B190: Ruth B. | C190: 5468079 | D190: =(C190/1000*5) -> 27340.395 | E190: 44316 | F190: 44441 | G190: 0.14305556 | H190: LATIN | I190: Canada | J190: =IF(ISNUMBER(SEARCH("with",A190)),"Da","Nu") -> Nu
A191: Streets | B191: Doja Cat | C191: 5460982 | D191: =(C191/1000*5) -> 27304.91 | E191: 44282 | F191: 44441 | G191: 0.12013889 | H191: POP | I191: SUA | J191: =IF(ISNUMBER(SEARCH("with",A191)),"Da","Nu") -> Nu
A192: Gangsta's Paradise | B192: Coolio | C192: 5459053 | D192: =(C192/1000*5) -> 27295.265 | E192: 44254 | F192: 44441 | G192: 0.15277778 | H192: K-POP | I192: SUA | J192: =IF(ISNUMBER(SEARCH("with",A192)),"Da","Nu") -> Nu
A193: Fulanito | B193: Becky G | C193: 5452012 | D193: =(C193/1000*5) -> 27260.06 | E193: 44308 | F193: 44441 | G193: 0.15069444 | H193: HIP-HOP/RAP | I193: SUA | J193: =IF(ISNUMBER(SEARCH("with",A193)),"Da","Nu") -> Nu
A194: Just for me | B194: PinkPantheress | C194: 5430793 | D194: =(C194/1000*5) -> 27153.965 | E194: 44406 | F194: 44441 | G194: 0.14097222 | H194: POP | I194: Marea Britanie | J194: =IF(ISNUMBER(SEARCH("with",A194)),"Da","Nu") -> Nu
A195: Never Going Home | B195: Kungs | C195: 5415878 | D195: =(C195/1000*5) -> 27079.39 | E195: 44209 | F195: 44441 | G195: 0.15902778 | H195: LATIN | I195: Franța | J195: =IF(ISNUMBER(SEARCH("with",A195)),"Da","Nu") -> Nu
... A201: bad guy | B201: Billie Eilish | C201: 5363281 | D201: =(C201/1000*5) -> 26816.405 | E201: 44245 | F201: 44441 | G201: 0.11388889 | H201: LATIN URBAN | I201: SUA | J201: =IF(ISNUMBER(SEARCH("with",A201)),"Da","Nu") -> Nu
A202: STAY (with Justin Bieber) | B202: The Kid LAROI | C202: 61385396 | D202: =(C202/1000*5) -> 306926.98 | E202: =VLOOKUP(A202,'2.09.2021'!A$3:'2.09.2021'!I$202,5,) -> 44386 | F202: 44448 | G202: =VLOOKUP(A202,'2.09.2021'!A$3:'2.09.2021'!I$202,7,) -> 0.097916667 | H202: =VLOOKUP(A202,'2.09.2021'!A$3:'2.09.2021'!I$202,8,) -> POP | I202: =VLOOKUP(A202,'2.09.2021'!A$3:'2.09.2021'!I$202,9,) -> Australia | J202: =IF(ISNUMBER(SEARCH("with",A202)),"Da","Nu") -> Da
A203: INDUSTRY BABY (with Jack Harlow) | B203: Lil Nas X | C203: 53085371 | D203: =(C203/1000*5) -> 265426.85 | E203: =VLOOKUP(A203,'2.09.2021'!A$3:'2.09.2021'!I$202,5,) -> 44400 | F203: 44448 | G203: =VLOOKUP(A203,'2.09.2021'!A$3:'2.09.2021'!I$202,7,) -> 0.14722222 | H203: =VLOOKUP(A203,'2.09.2021'!A$3:'2.09.2021'!I$202,8,) -> HIP-HOP/RAP | I203: =VLOOKUP(A203,'2.09.2021'!A$3:'2.09.2021'!I$202,9,) -> SUA | J203: =IF(ISNUMBER(SEARCH("with",A203)),"Da","Nu") -> Da
A204: THATS WHAT I WANT | B204: Lil Nas X | C204: 32546474 | D204: =(C204/1000*5) -> 162732.37 | E204: =VLOOKUP(A204,'30.09.2021'!A$3:'30.09.2021'!I$202,5,) -> 44316 | F204: 44448 | G204: =VLOOKUP(A204,'30.09.2021'!A$3:'30.09.2021'!I$202,7,) -> 0.18125 | H204: =VLOOKUP(A204,'30.09.2021'!A$3:'30.09.2021'!I$202,8,) -> POP | I204: =VLOOKUP(A204,'30.09.2021'!A$3:'30.09.2021'!I$202,9,) -> SUA | J204: =IF(ISNUMBER(SEARCH("with",A204)),"Da","Nu") -> Nu
A205: Heat Waves | B205: Glass Animals | C205: 31103477 | D205: =(C205/1000*5) -> 155517.39 | E205: =VLOOKUP(A205,'2.09.2021'!A$3:'2.09.2021'!I$202,5,) -> 44050 | F205: 44448 | G205: =VLOOKUP(A205,'2.09.2021'!A$3:'2.09.2021'!I$202,7,) -> 0.16527778 | H205: =VLOOKUP(A205,'2.09.2021'!A$3:'2.09.2021'!I$202,8,) -> POP | I205: =VLOOKUP(A205,'2.09.2021'!A$3:'2.09.2021'!I$202,9,) -> Marea Britanie | J205: =IF(ISNUMBER(SEARCH("with",A205)),"Da","Nu") -> Nu
A206: Bad Habits | B206: Ed Sheeran | C206: 30276896 | D206: =(C206/1000*5) -> 151384.48 | E206: =VLOOKUP(A206,'2.09.2021'!A$3:'2.09.2021'!I$202,5,) -> 44358 | F206: 44448 | G206: =VLOOKUP(A206,'2.09.2021'!A$3:'2.09.2021'!I$202,7,) -> 0.14722222 | H206: =VLOOKUP(A206,'2.09.2021'!A$3:'2.09.2021'!I$202,8,) -> POP | I206: =VLOOKUP(A206,'2.09.2021'!A$3:'2.09.2021'!I$202,9,) -> Marea Britanie | J206: =IF(ISNUMBER(SEARCH("with",A206)),"Da","Nu") -> Nu
A207: Pepas | B207: Farruko | C207: 30119703 | D207: =(C207/1000*5) -> 150598.52 | E207: =VLOOKUP(A207,'2.09.2021'!A$3:'2.09.2021'!I$202,5,) -> 44538 | F207: 44448 | G207: =VLOOKUP(A207,'2.09.2021'!A$3:'2.09.2021'!I$202,7,) -> 0.19930556 | H207: =VLOOKUP(A207,'2.09.2021'!A$3:'2.09.2021'!I$202,8,) -> LATIN URBAN | I207: =VLOOKUP(A207,'2.09.2021'!A$3:'2.09.2021'!I$202,9,) -> Puerto Rico | J207: =IF(ISNUMBER(SEARCH("with",A207)),"Da","Nu") -> Nu
A208: Woman | B208: Doja Cat | C208: 29648304 | D208: =(C208/1000*5) -> 148241.52 | E208: =VLOOKUP(A208,'2.09.2021'!A$3:'2.09.2021'!I$202,5,) -> 44374 | F208: 44448 | G208: =VLOOKUP(A208,'2.09.2021'!A$3:'2.09.2021'!I$202,7,) -> 0.10069444 | H208: =VLOOKUP(A208,'2.09.2021'!A$3:'2.09.2021'!I$202,8,) -> POP | I208: =VLOOKUP(A208,'2.09.2021'!A$3:'2.09.2021'!I$202,9,) -> SUA | J208: =IF(ISNUMBER(SEARCH("with",A208)),"Da","Nu") -> Nu
A209: MONTERO (Call Me By Your Name) | B209: Lil Nas X | C209: 28933084 | D209: =(C209/1000*5) -> 144665.42 | E209: =VLOOKUP(A209,'2.09.2021'!A$3:'2.09.2021'!I$202,5,) -> 44456 | F209: 44448 | G209: =VLOOKUP(A209,'2.09.2021'!A$3:'2.09.2021'!I$202,7,) -> 0.095138889 | H209: =VLOOKUP(A209,'2.09.2021'!A$3:'2.09.2021'!I$202,8,) -> POP | I209: =VLOOKUP(A209,'2.09.2021'!A$3:'2.09.2021'!I$202,9,) -> SUA | J209: =IF(ISNUMBER(SEARCH("with",A209)),"Da","Nu") -> Nu
A210: Shivers | B210: Ed Sheeran | C210: 27138539 | D210: =(C210/1000*5) -> 135692.7 | E210: =VLOOKUP(A210,'16.09.2021'!A$3:'16.09.2021'!I$202,5,) -> 44315 | F210: 44448 | G210: =VLOOKUP(A210,'16.09.2021'!A$3:'16.09.2021'!I$202,7,) -> 0.10555556 | H210: =VLOOKUP(A210,'16.09.2021'!A$3:'16.09.2021'!I$202,8,) -> POP | I210: =VLOOKUP(A210,'16.09.2021'!A$3:'16.09.2021'!I$202,9,) -> Marea Britanie | J210: =IF(ISNUMBER(SEARCH("with",A210)),"Da","Nu") -> Nu
A211: Beggin' | B211: Måneskin | C211: 26309445 | D211: =(C211/1000*5) -> 131547.23 | E211: =VLOOKUP(A211,'2.09.2021'!A$3:'2.09.2021'!I$202,5,) -> 43077 | F211: 44448 | G211: =VLOOKUP(A211,'2.09.2021'!A$3:'2.09.2021'!I$202,7,) -> 0.14652778 | H211: =VLOOKUP(A211,'2.09.2021'!A$3:'2.09.2021'!I$202,8,) -> ROCK | I211: =VLOOKUP(A211,'2.09.2021'!A$3:'2.09.2021'!I$202,9,) -> Italia | J211: =IF(ISNUMBER(SEARCH("with",A211)),"Da","Nu") -> Nu
A212: good 4 u | B212: Olivia Rodrigo | C212: 24943366 | D212: =(C212/1000*5) -> 124716.83 | E212: =VLOOKUP(A212,'2.09.2021'!A$3:'2.09.2021'!I$202,5,) -> 44337 | F212: 44448 | G212: =VLOOKUP(A212,'2.09.2021'!A$3:'2.09.2021'!I$202,7,) -> 0.12361111 | H212: =VLOOKUP(A212,'2.09.2021'!A$3:'2.09.2021'!I$202,8,) -> POP | I212: =VLOOKUP(A212,'2.09.2021'!A$3:'2.09.2021'!I$202,9,) -> SUA | J212: =IF(ISNUMBER(SEARCH("with",A212)),"Da","Nu") -> Nu
A213: Way 2 Sexy (with Future & Young Thug) | B213: Drake | C213: 23088866 | D213: =(C213/1000*5) -> 115444.33 | E213: =VLOOKUP(A213,'16.09.2021'!A$3:'16.09.2021'!I$202,5,) -> 44460 | F213: 44448 | G213: =VLOOKUP(A213,'16.09.2021'!A$3:'16.09.2021'!I$202,7,) -> 0.055555556 | H213: =VLOOKUP(A213,'16.09.2021'!A$3:'16.09.2021'!I$202,8,) -> HIP-HOP/RAP | I213: =VLOOKUP(A213,'16.09.2021'!A$3:'16.09.2021'!I$202,9,) -> Canada | J213: =IF(ISNUMBER(SEARCH("with",A213)),"Da","Nu") -> Da
A214: Need To Know | B214: Doja Cat | C214: 22506534 | D214: =(C214/1000*5) -> 112532.67 | E214: =VLOOKUP(A214,'2.09.2021'!A$3:'2.09.2021'!I$202,5,) -> 44371 | F214: 44448 | G214: =VLOOKUP(A214,'2.09.2021'!A$3:'2.09.2021'!I$202,7,) -> 0.14583333 | H214: =VLOOKUP(A214,'2.09.2021'!A$3:'2.09.2021'!I$202,8,) -> POP | I214: =VLOOKUP(A214,'2.09.2021'!A$3:'2.09.2021'!I$202,9,) -> SUA | J214: =IF(ISNUMBER(SEARCH("with",A214)),"Da","Nu") -> Nu
A215: Fair Trade (with Travis Scott) | B215: Drake | C215: 20658947 | D215: =(C215/1000*5) -> 103294.74 | E215: =VLOOKUP(A215,'16.09.2021'!A$3:'16.09.2021'!I$202,5,) -> 44460 | F215: 44448 | G215: =VLOOKUP(A215,'16.09.2021'!A$3:'16.09.2021'!I$202,7,) -> 0.14097222 | H215: =VLOOKUP(A215,'16.09.2021'!A$3:'16.09.2021'!I$202,8,) -> hIP-HOP/RAP | I215: =VLOOKUP(A215,'16.09.2021'!A$3:'16.09.2021'!I$202,9,) -> Canada | J215: =IF(ISNUMBER(SEARCH("with",A215)),"Da","Nu") -> Da
A216: Kiss Me More (with SZA) | B216: Doja Cat | C216: 19826752 | D216: =(C216/1000*5) -> 99133.76 | E216: =VLOOKUP(A216,'2.09.2021'!A$3:'2.09.2021'!I$202,5,) -> 44295 | F216: 44448 | G216: =VLOOKUP(A216,'2.09.2021'!A$3:'2.09.2021'!I$202,7,) -> 0.14444444 | H216: =VLOOKUP(A216,'2.09.2021'!A$3:'2.09.2021'!I$202,8,) -> POP | I216: =VLOOKUP(A216,'2.09.2021'!A$3:'2.09.2021'!I$202,9,) -> SUA | J216: =IF(ISNUMBER(SEARCH("with",A216)),"Da","Nu") -> Da
A217: Happier Than Ever | B217: Billie Eilish | C217: 19263184 | D217: =(C217/1000*5) -> 96315.92 | E217: =VLOOKUP(A217,'2.09.2021'!A$3:'2.09.2021'!I$202,5,) -> 44407 | F217: 44448 | G217: =VLOOKUP(A217,'2.09.2021'!A$3:'2.09.2021'!I$202,7,) -> 0.20694444 | H217: =VLOOKUP(A217,'2.09.2021'!A$3:'2.09.2021'!I$202,8,) -> ALTERNATIVE | I217: =VLOOKUP(A217,'2.09.2021'!A$3:'2.09.2021'!I$202,9,) -> SUA | J217: =IF(ISNUMBER(SEARCH("with",A217)),"Da","Nu") -> Nu
A218: Life Goes On | B218: Oliver Tree | C218: 18234742 | D218: =(C218/1000*5) -> 91173.71 | E218: =VLOOKUP(A218,'16.09.2021'!A$3:'16.09.2021'!I$202,5,) -> 44460 | F218: 44448 | G218: =VLOOKUP(A218,'16.09.2021'!A$3:'16.09.2021'!I$202,7,) -> 0.13958333 | H218: =VLOOKUP(A218,'16.09.2021'!A$3:'16.09.2021'!I$202,8,) -> POP | I218: =VLOOKUP(A218,'16.09.2021'!A$3:'16.09.2021'!I$202,9,) -> SUA | J218: =IF(ISNUMBER(SEARCH("with",A218)),"Da","Nu") -> Nu
A219: Cold Heart - PNAU Remix | B219: Elton John | C219: 17171664 | D219: =(C219/1000*5) -> 85858.32 | E219: =VLOOKUP(A219,'2.09.2021'!A$3:'2.09.2021'!I$202,5,) -> 44421 | F219: 44448 | G219: =VLOOKUP(A219,'2.09.2021'!A$3:'2.09.2021'!I$202,7,) -> 0.14027778 | H219: =VLOOKUP(A219,'2.09.2021'!A$3:'2.09.2021'!I$202,8,) -> POP | I219: =VLOOKUP(A219,'2.09.2021'!A$3:'2.09.2021'!I$202,9,) -> Marea Britanie | J219: =IF(ISNUMBER(SEARCH("with",A219)),"Da","Nu") -> Nu
A220: Yonaguni | B220: Bad Bunny | C220: 16613967 | D220: =(C220/1000*5) -> 83069.835 | E220: =VLOOKUP(A220,'2.09.2021'!A$3:'2.09.2021'!I$202,5,) -> 44351 | F220: 44448 | G220: =VLOOKUP(A220,'2.09.2021'!A$3:'2.09.2021'!I$202,7,) -> 0.14305556 | H220: =VLOOKUP(A220,'2.09.2021'!A$3:'2.09.2021'!I$202,8,) -> LATIN URBAN | I220: =VLOOKUP(A220,'2.09.2021'!A$3:'2.09.2021'!I$202,9,) -> Puerto Rico | J220: =IF(ISNUMBER(SEARCH("with",A220)),"Da","Nu") -> Nu
A221: Todo De Ti | B221: Rauw Alejandro | C221: 16491457 | D221: =(C221/1000*5) -> 82457.285 | E221: =VLOOKUP(A221,'2.09.2021'!A$3:'2.09.2021'!I$202,5,) -> 44338 | F221: 44448 | G221: =VLOOKUP(A221,'2.09.2021'!A$3:'2.09.2021'!I$202,7,) -> 0.13819444 | H221: =VLOOKUP(A221,'2.09.2021'!A$3:'2.09.2021'!I$202,8,) -> LATIN URBAN | I221: =VLOOKUP(A221,'2.09.2021'!A$3:'2.09.2021'!I$202,9,) -> Puerto Rico | J221: =IF(ISNUMBER(SEARCH("with",A221)),"Da","Nu") -> Nu
A222: Girls Want Girls (with Lil Baby) | B222: Drake | C222: 15925804 | D222: =(C222/1000*5) -> 79629.02 | E222: =VLOOKUP(A222,'16.09.2021'!A$3:'16.09.2021'!I$202,5,) -> 44460 | F222: 44448 | G222: =VLOOKUP(A222,'16.09.2021'!A$3:'16.09.2021'!I$202,7,) -> 0.085416667 | H222: =VLOOKUP(A222,'16.09.2021'!A$3:'16.09.2021'!I$202,8,) -> hIP-HOP/RAP | I222: =VLOOKUP(A222,'16.09.2021'!A$3:'16.09.2021'!I$202,9,) -> Canada | J222: =IF(ISNUMBER(SEARCH("with",A222)),"Da","Nu") -> Da
A223: Knife Talk (with 21 Savage ft. Project Pat) | B223: Drake | C223: 15905936 | D223: =(C223/1000*5) -> 79529.68 | E223: =VLOOKUP(A223,'16.09.2021'!A$3:'16.09.2021'!I$202,5,) -> 44460 | F223: 44448 | G223: =VLOOKUP(A223,'16.09.2021'!A$3:'16.09.2021'!I$202,7,) -> 0.16736111 | H223: =VLOOKUP(A223,'16.09.2021'!A$3:'16.09.2021'!I$202,8,) -> HIP-HOP/RAP | I223: =VLOOKUP(A223,'16.09.2021'!A$3:'16.09.2021'!I$202,9,) -> Canada | J223: =IF(ISNUMBER(SEARCH("with",A223)),"Da","Nu") -> Da
A224: Volví | B224: Aventura | C224: 15694072 | D224: =(C224/1000*5) -> 78470.36 | E224: =VLOOKUP(A224,'16.09.2021'!A$3:'16.09.2021'!I$202,5,) -> 44411 | F224: 44448 | G224: =VLOOKUP(A224,'16.09.2021'!A$3:'16.09.2021'!I$202,7,) -> 0.15972222 | H224: =VLOOKUP(A224,'16.09.2021'!A$3:'16.09.2021'!I$202,8,) -> LATIN URBAN | I224: =VLOOKUP(A224,'16.09.2021'!A$3:'16.09.2021'!I$202,9,) -> Republica Dominicană | J224: =IF(ISNUMBER(SEARCH("with",A224)),"Da","Nu") -> Nu
A225: LALISA | B225: LISA | C225: 15577524 | D225: =(C225/1000*5) -> 77887.62 | E225: =VLOOKUP(A225,'16.09.2021'!A$3:'16.09.2021'!I$202,5,) -> 44257 | F225: 44448 | G225: =VLOOKUP(A225,'16.09.2021'!A$3:'16.09.2021'!I$202,7,) -> 0.13888889 | H225: =VLOOKUP(A225,'16.09.2021'!A$3:'16.09.2021'!I$202,8,) -> HIP-HOP/RAP | I225: =VLOOKUP(A225,'16.09.2021'!A$3:'16.09.2021'!I$202,9,) -> Tailanda | J225: =IF(ISNUMBER(SEARCH("with",A225)),"Da","Nu") -> Nu
A226: Hurricane | B226: Kanye West | C226: 15167133 | D226: =(C226/1000*5) -> 75835.665 | E226: =VLOOKUP(A226,'2.09.2021'!A$3:'2.09.2021'!I$202,5,) -> 44416 | F226: 44448 | G226: =VLOOKUP(A226,'2.09.2021'!A$3:'2.09.2021'!I$202,7,) -> 0.16875 | H226: =VLOOKUP(A226,'2.09.2021'!A$3:'2.09.2021'!I$202,8,) -> HIP-HOP/RAP | I226: =VLOOKUP(A226,'2.09.2021'!A$3:'2.09.2021'!I$202,9,) -> SUA | J226: =IF(ISNUMBER(SEARCH("with",A226)),"Da","Nu") -> Nu
A227: traitor | B227: Olivia Rodrigo | C227: 15165886 | D227: =(C227/1000*5) -> 75829.43 | E227: =VLOOKUP(A227,'2.09.2021'!A$3:'2.09.2021'!I$202,5,) -> 44337 | F227: 44448 | G227: =VLOOKUP(A227,'2.09.2021'!A$3:'2.09.2021'!I$202,7,) -> 0.15902778 | H227: =VLOOKUP(A227,'2.09.2021'!A$3:'2.09.2021'!I$202,8,) -> POP | I227: =VLOOKUP(A227,'2.09.2021'!A$3:'2.09.2021'!I$202,9,) -> SUA | J227: =IF(ISNUMBER(SEARCH("with",A227)),"Da","Nu") -> Nu
A228: Levitating (with DaBaby) | B228: Dua Lipa | C228: 15154174 | D228: =(C228/1000*5) -> 75770.87 | E228: =VLOOKUP(A228,'2.09.2021'!A$3:'2.09.2021'!I$202,5,) -> 43917 | F228: 44448 | G228: =VLOOKUP(A228,'2.09.2021'!A$3:'2.09.2021'!I$202,7,) -> 0.14097222 | H228: =VLOOKUP(A228,'2.09.2021'!A$3:'2.09.2021'!I$202,8,) -> POP | I228: =VLOOKUP(A228,'2.09.2021'!A$3:'2.09.2021'!I$202,9,) -> Marea Britanie | J228: =IF(ISNUMBER(SEARCH("with",A228)),"Da","Nu") -> Da
A229: In Da Getto | B229: J Balvin | C229: 14735208 | D229: =(C229/1000*5) -> 73676.04 | E229: =VLOOKUP(A229,'2.09.2021'!A$3:'2.09.2021'!I$202,5,) -> 44379 | F229: 44448 | G229: =VLOOKUP(A229,'2.09.2021'!A$3:'2.09.2021'!I$202,7,) -> 0.090277778 | H229: =VLOOKUP(A229,'2.09.2021'!A$3:'2.09.2021'!I$202,8,) -> LATIN URBAN | I229: =VLOOKUP(A229,'2.09.2021'!A$3:'2.09.2021'!I$202,9,) -> Columbia | J229: =IF(ISNUMBER(SEARCH("with",A229)),"Da","Nu") -> Nu
A230: Wildest Dreams (Taylor's Version) | B230: Taylor Swift | C230: 14592123 | D230: =(C230/1000*5) -> 72960.615 | E230: =VLOOKUP(A230,'30.09.2021'!A$3:'30.09.2021'!I$202,5,) -> 44370 | F230: 44448 | G230: =VLOOKUP(A230,'30.09.2021'!A$3:'30.09.2021'!I$202,7,) -> 0.11527778 | H230: =VLOOKUP(A230,'30.09.2021'!A$3:'30.09.2021'!I$202,8,) -> POP | I230: =VLOOKUP(A230,'30.09.2021'!A$3:'30.09.2021'!I$202,9,) -> SUA | J230: =IF(ISNUMBER(SEARCH("with",A230)),"Da","Nu") -> Nu
A231: Peaches (with Daniel Caesar & Giveon) | B231: Justin Bieber | C231: 14173474 | D231: =(C231/1000*5) -> 70867.37 | E231: =VLOOKUP(A231,'2.09.2021'!A$3:'2.09.2021'!I$202,5,) -> 44274 | F231: 44448 | G231: =VLOOKUP(A231,'2.09.2021'!A$3:'2.09.2021'!I$202,7,) -> 0.1375 | H231: =VLOOKUP(A231,'2.09.2021'!A$3:'2.09.2021'!I$202,8,) -> POP | I231: =VLOOKUP(A231,'2.09.2021'!A$3:'2.09.2021'!I$202,9,) -> Canada | J231: =IF(ISNUMBER(SEARCH("with",A231)),"Da","Nu") -> Da
A232: Take My Breath | B232: The Weeknd | C232: 13898588 | D232: =(C232/1000*5) -> 69492.94 | E232: =VLOOKUP(A232,'2.09.2021'!A$3:'2.09.2021'!I$202,5,) -> 44414 | F232: 44448 | G232: =VLOOKUP(A232,'2.09.2021'!A$3:'2.09.2021'!I$202,7,) -> 0.15277778 | H232: =VLOOKUP(A232,'2.09.2021'!A$3:'2.09.2021'!I$202,8,) -> R&B/SOUL | I232: =VLOOKUP(A232,'2.09.2021'!A$3:'2.09.2021'!I$202,9,) -> Canada | J232: =IF(ISNUMBER(SEARCH("with",A232)),"Da","Nu") -> Nu
A233: love nwantiti (ah ah ah) | B233: CKay | C233: 13833060 | D233: =(C233/1000*5) -> 69165.3 | E233: =VLOOKUP(A233,'30.09.2021'!A$3:'30.09.2021'!I$202,5,) -> 44337 | F233: 44448 | G233: =VLOOKUP(A233,'30.09.2021'!A$3:'30.09.2021'!I$202,7,) -> 0.10138889 | H233: =VLOOKUP(A233,'30.09.2021'!A$3:'30.09.2021'!I$202,8,) -> AFROBEATS | I233: =VLOOKUP(A233,'30.09.2021'!A$3:'30.09.2021'!I$202,9,) -> Africa | J233: =IF(ISNUMBER(SEARCH("with",A233)),"Da","Nu") -> Nu
A234: Qué Más Pues? | B234: J Balvin | C234: 13614671 | D234: =(C234/1000*5) -> 68073.355 | E234: =VLOOKUP(A234,'2.09.2021'!A$3:'2.09.2021'!I$202,5,) -> 44344 | F234: 44448 | G234: =VLOOKUP(A234,'2.09.2021'!A$3:'2.09.2021'!I$202,7,) -> 0.15069444 | H234: =VLOOKUP(A234,'2.09.2021'!A$3:'2.09.2021'!I$202,8,) -> LATIN URBAN | I234: =VLOOKUP(A234,'2.09.2021'!A$3:'2.09.2021'!I$202,9,) -> Columbia | J234: =IF(ISNUMBER(SEARCH("with",A234)),"Da","Nu") -> Nu
A235: Meet Me At Our Spot | B235: THE ANXIETY | C235: 13473188 | D235: =(C235/1000*5) -> 67365.94 | E235: =VLOOKUP(A235,'30.09.2021'!A$3:'30.09.2021'!I$202,5,) -> 44347 | F235: 44448 | G235: =VLOOKUP(A235,'30.09.2021'!A$3:'30.09.2021'!I$202,7,) -> 0.15625 | H235: =VLOOKUP(A235,'30.09.2021'!A$3:'30.09.2021'!I$202,8,) -> POP | I235: =VLOOKUP(A235,'30.09.2021'!A$3:'30.09.2021'!I$202,9,) -> SUA | J235: =IF(ISNUMBER(SEARCH("with",A235)),"Da","Nu") -> Nu
A236: I WANNA BE YOUR SLAVE | B236: Måneskin | C236: 13194771 | D236: =(C236/1000*5) -> 65973.855 | E236: =VLOOKUP(A236,'2.09.2021'!A$3:'2.09.2021'!I$202,5,) -> 44274 | F236: 44448 | G236: =VLOOKUP(A236,'2.09.2021'!A$3:'2.09.2021'!I$202,7,) -> 0.12013889 | H236: =VLOOKUP(A236,'2.09.2021'!A$3:'2.09.2021'!I$202,8,) -> ROCK | I236: =VLOOKUP(A236,'2.09.2021'!A$3:'2.09.2021'!I$202,9,) -> Italia | J236: =IF(ISNUMBER(SEARCH("with",A236)),"Da","Nu") -> Nu
A237: Blinding Lights | B237: The Weeknd | C237: 13014956 | D237: =(C237/1000*5) -> 65074.78 | E237: =VLOOKUP(A237,'2.09.2021'!A$3:'2.09.2021'!I$202,5,) -> 43798 | F237: 44448 | G237: =VLOOKUP(A237,'2.09.2021'!A$3:'2.09.2021'!I$202,7,) -> 0.13958333 | H237: =VLOOKUP(A237,'2.09.2021'!A$3:'2.09.2021'!I$202,8,) -> R&B/SOUL | I237: =VLOOKUP(A237,'2.09.2021'!A$3:'2.09.2021'!I$202,9,) -> Canada | J237: =IF(ISNUMBER(SEARCH("with",A237)),"Da","Nu") -> Nu
A238: Save Your Tears (with Ariana Grande) (Remix) | B238: The Weeknd | C238: 12579776 | D238: =(C238/1000*5) -> 62898.88 | E238: =VLOOKUP(A238,'2.09.2021'!A$3:'2.09.2021'!I$202,5,) -> 43910 | F238: 44448 | G238: =VLOOKUP(A238,'2.09.2021'!A$3:'2.09.2021'!I$202,7,) -> 0.14930556 | H238: =VLOOKUP(A238,'2.09.2021'!A$3:'2.09.2021'!I$202,8,) -> R&B/SOUL | I238: =VLOOKUP(A238,'2.09.2021'!A$3:'2.09.2021'!I$202,9,) -> Canada | J238: =IF(ISNUMBER(SEARCH("with",A238)),"Da","Nu") -> Da
A239: SCOOP (with Doja Cat) | B239: Lil Nas X | C239: 12520878 | D239: =(C239/1000*5) -> 62604.39 | E239: =VLOOKUP(A239,'30.09.2021'!A$3:'30.09.2021'!I$202,5,) -> 44476 | F239: 44448 | G239: =VLOOKUP(A239,'30.09.2021'!A$3:'30.09.2021'!I$202,7,) -> 0.22430556 | H239: =VLOOKUP(A239,'30.09.2021'!A$3:'30.09.2021'!I$202,8,) -> HIP-HOP/RAP | I239: =VLOOKUP(A239,'30.09.2021'!A$3:'30.09.2021'!I$202,9,) -> SUA | J239: =IF(ISNUMBER(SEARCH("with",A239)),"Da","Nu") -> Da
A240: 2055 | B240: Sleepy Hallow | C240: 12485782 | D240: =(C240/1000*5) -> 62428.91 | E240: =VLOOKUP(A240,'2.09.2021'!A$3:'2.09.2021'!I$202,5,) -> 44300 | F240: 44448 | G240: =VLOOKUP(A240,'2.09.2021'!A$3:'2.09.2021'!I$202,7,) -> 0.085416667 | H240: =VLOOKUP(A240,'2.09.2021'!A$3:'2.09.2021'!I$202,8,) -> HIP-HOP/RAP | I240: =VLOOKUP(A240,'2.09.2021'!A$3:'2.09.2021'!I$202,9,) -> Jamaica | J240: =IF(ISNUMBER(SEARCH("with",A240)),"Da","Nu") -> Nu
